season_year,season,island,measure,seasonal_total,mean_monthly,sd_monthly,n,se_monthly
1995,Summer,Anacapa,Overnight Stays,932,155.33333333333334,51.84078188710763,6,21.163910581721687
1995,Summer,Anacapa,Rec Visitors Ashore,11003,1833.8333333333333,510.4090189903257,6,208.37360944013787
1995,Summer,Isthmus,Overnight Stays,0,0,0,6,0
1995,Summer,Isthmus,Rec Visitors Ashore,0,0,0,6,0
1995,Summer,San Miguel,Overnight Stays,506,84.33333333333333,39.26151635719979,6,16.02844693384581
1995,Summer,San Miguel,Rec Visitors Ashore,1295,215.83333333333334,67.76552712601493,6,27.665160601578133
1995,Summer,Santa Barbara,Overnight Stays,341,56.83333333333333,43.148194245723275,6,17.61517653741922
1995,Summer,Santa Barbara,Rec Visitors Ashore,1321,220.16666666666666,119.66857008699763,6,48.85448916027176
1995,Summer,Santa Cruz,Overnight Stays,1678,279.6666666666667,53.038350904479174,6,21.652816085776106
1995,Summer,Santa Cruz,Rec Visitors Ashore,6754,1125.6666666666667,355.72498740834425,6,145.22411798473576
1995,Summer,Santa Rosa,Overnight Stays,1143,190.5,128.3070535863091,6,52.381135281065966
1995,Summer,Santa Rosa,Rec Visitors Ashore,2111,351.8333333333333,168.3822041269999,6,68.74174697938494
1996,Summer,Anacapa,Overnight Stays,822,137,59.03897018072046,6,24.102558647026115
1996,Summer,Anacapa,Rec Visitors Ashore,11296,1882.6666666666667,399.90682248077076,6,163.2612766226102
1996,Summer,Isthmus,Overnight Stays,0,0,0,6,0
1996,Summer,Isthmus,Rec Visitors Ashore,0,0,0,6,0
1996,Summer,San Miguel,Overnight Stays,174,29,29.086079144497972,6,11.874342087037917
1996,Summer,San Miguel,Rec Visitors Ashore,652,108.66666666666667,76.88866409729503,6,31.389665673770903
1996,Summer,Santa Barbara,Overnight Stays,435,72.5,68.06394052653725,6,27.78698736219288
1996,Summer,Santa Barbara,Rec Visitors Ashore,1112,185.33333333333334,152.92699783447873,6,62.43218543169683
1996,Summer,Santa Cruz,Overnight Stays,1678,279.6666666666667,53.038350904479174,6,21.652816085776106
1996,Summer,Santa Cruz,Rec Visitors Ashore,6754,1125.6666666666667,355.72498740834425,6,145.22411798473576
1996,Summer,Santa Rosa,Overnight Stays,1288,214.66666666666666,197.79248384776068,6,80.74844339744955
1996,Summer,Santa Rosa,Rec Visitors Ashore,2093,348.8333333333333,262.5684037858833,6,107.19310197541216
1996,Winter,Anacapa,Overnight Stays,314,52.33333333333333,56.65921519635324,6,23.13102774293534
1996,Winter,Anacapa,Rec Visitors Ashore,4888,814.6666666666667,657.6441793756459,6,268.4821119636175
1996,Winter,Isthmus,Overnight Stays,0,0,0,6,0
1996,Winter,Isthmus,Rec Visitors Ashore,0,0,0,6,0
1996,Winter,San Miguel,Overnight Stays,71,11.833333333333332,28.985628622934275,6,11.833333333333334
1996,Winter,San Miguel,Rec Visitors Ashore,364,60.66666666666667,76.46611449960477,6,31.21716052287766
1996,Winter,Santa Barbara,Overnight Stays,17,2.833333333333333,4.915960401250875,6,2.006932429798716
1996,Winter,Santa Barbara,Rec Visitors Ashore,211,35.166666666666664,23.953427033864415,6,9.778945637326029
1996,Winter,Santa Cruz,Overnight Stays,82,13.666666666666666,33.47635981803676,6,13.666666666666666
1996,Winter,Santa Cruz,Rec Visitors Ashore,920,153.33333333333331,203.22368628353013,6,82.96572250701558
1996,Winter,Santa Rosa,Overnight Stays,213,35.5,45.16082373030855,6,18.436829083838326
1996,Winter,Santa Rosa,Rec Visitors Ashore,367,61.16666666666667,75.91420596085206,6,30.991844805439456
1997,Summer,Anacapa,Overnight Stays,704,117.33333333333333,48.96801677285559,6,19.991109134924066
1997,Summer,Anacapa,Rec Visitors Ashore,11266,1877.6666666666667,603.273625038147,6,246.28542610376104
1997,Summer,Isthmus,Overnight Stays,0,0,0,6,0
1997,Summer,Isthmus,Rec Visitors Ashore,0,0,0,6,0
1997,Summer,San Miguel,Overnight Stays,215,35.833333333333336,17.174593639054947,6,7.011498492555719
1997,Summer,San Miguel,Rec Visitors Ashore,744,124,42.89988344972513,6,17.513804079449258
1997,Summer,Santa Barbara,Overnight Stays,360,60,56.11773338259484,6,22.9099687181512
1997,Summer,Santa Barbara,Rec Visitors Ashore,652,108.66666666666667,70.86795232449339,6,28.931720385148974
1997,Summer,Santa Cruz,Overnight Stays,4639,773.1666666666666,332.9585059232857,6,135.9297408385834
1997,Summer,Santa Cruz,Rec Visitors Ashore,11297,1882.8333333333333,600.5309040063356,6,245.16571493130476
1997,Summer,Santa Rosa,Overnight Stays,841,140.16666666666666,95.96544516994992,6,39.17772893423564
1997,Summer,Santa Rosa,Rec Visitors Ashore,1630,271.6666666666667,127.89318459818985,6,52.212173974190264
1997,Winter,Anacapa,Overnight Stays,341,56.83333333333333,55.87635158693405,6,22.811425012723586
1997,Winter,Anacapa,Rec Visitors Ashore,5499,916.5,653.4942233868636,6,266.7878995256969
1997,Winter,Isthmus,Overnight Stays,0,0,0,6,0
1997,Winter,Isthmus,Rec Visitors Ashore,0,0,0,6,0
1997,Winter,San Miguel,Overnight Stays,68,11.333333333333332,27.760883751542686,6,11.333333333333334
1997,Winter,San Miguel,Rec Visitors Ashore,143,23.833333333333336,37.40810963770646,6,15.271796809078422
1997,Winter,Santa Barbara,Overnight Stays,30,5,12.24744871391589,6,5
1997,Winter,Santa Barbara,Rec Visitors Ashore,184,30.666666666666664,40.81992977292669,6,16.664666546652267
1997,Winter,Santa Cruz,Overnight Stays,1592,265.3333333333333,156.6839706755821,6,63.96596317139644
1997,Winter,Santa Cruz,Rec Visitors Ashore,4429,738.1666666666666,274.82752166889446,6,112.19786589374644
1997,Winter,Santa Rosa,Overnight Stays,366,61,84.77499631377167,6,34.60924731917758
1997,Winter,Santa Rosa,Rec Visitors Ashore,631,105.16666666666666,111.51935556963494,6,45.527586264935145
1998,Summer,Anacapa,Overnight Stays,756,126,37.97367509209505,6,15.502687938977981
1998,Summer,Anacapa,Rec Visitors Ashore,11740,1956.6666666666667,457.42132292522905,6,186.7414731059434
1998,Summer,Isthmus,Overnight Stays,0,0,0,6,0
1998,Summer,Isthmus,Rec Visitors Ashore,0,0,0,6,0
1998,Summer,San Miguel,Overnight Stays,308,51.333333333333336,39.3734258944617,6,16.074133811119587
1998,Summer,San Miguel,Rec Visitors Ashore,855,142.5,85.50263153845032,6,34.90630315573392
1998,Summer,Santa Barbara,Overnight Stays,517,86.16666666666667,97.89058517889588,6,39.96366405179141
1998,Summer,Santa Barbara,Rec Visitors Ashore,1033,172.16666666666666,141.47567517657114,6,57.75720253305596
1998,Summer,Santa Cruz,Overnight Stays,4388,731.3333333333334,479.5934389320465,6,195.7932015616931
1998,Summer,Santa Cruz,Rec Visitors Ashore,12822,2137,883.2478700795151,6,360.58443301581025
1998,Summer,Santa Rosa,Overnight Stays,1697,282.8333333333333,216.3454798849901,6,88.32267231263128
1998,Summer,Santa Rosa,Rec Visitors Ashore,3118,519.6666666666666,217.09690616558004,6,88.62944080709174
1998,Winter,Anacapa,Overnight Stays,191,31.833333333333336,33.331166596245424,6,13.607391782083411
1998,Winter,Anacapa,Rec Visitors Ashore,4263,710.5,594.9523510332571,6,242.88828021678333
1998,Winter,Isthmus,Overnight Stays,0,0,0,6,0
1998,Winter,Isthmus,Rec Visitors Ashore,0,0,0,6,0
1998,Winter,San Miguel,Overnight Stays,20,3.333333333333333,5.316640543300504,6,2.1705094128132947
1998,Winter,San Miguel,Rec Visitors Ashore,55,9.166666666666668,22.453655975512465,6,9.166666666666668
1998,Winter,Santa Barbara,Overnight Stays,0,0,0,6,0
1998,Winter,Santa Barbara,Rec Visitors Ashore,4,0.6666666666666666,1.632993161855452,6,0.6666666666666667
1998,Winter,Santa Cruz,Overnight Stays,1036,172.66666666666669,270.7557324724016,6,110.535564915149
1998,Winter,Santa Cruz,Rec Visitors Ashore,3394,565.6666666666666,450.82797901934464,6,184.04975172792578
1998,Winter,Santa Rosa,Overnight Stays,306,51,82.3407554009556,6,33.61547262794322
1998,Winter,Santa Rosa,Rec Visitors Ashore,393,65.5,133.04397769158888,6,54.31497644910349
1999,Summer,Anacapa,Overnight Stays,652,108.66666666666667,51.65139559263299,6,21.086593950765128
1999,Summer,Anacapa,Rec Visitors Ashore,11986,1997.6666666666667,505.91488085118294,6,206.5388852277244
1999,Summer,Isthmus,Overnight Stays,0,0,0,6,0
1999,Summer,Isthmus,Rec Visitors Ashore,0,0,0,6,0
1999,Summer,San Miguel,Overnight Stays,236,39.333333333333336,28.422995385192365,6,11.603639275867051
1999,Summer,San Miguel,Rec Visitors Ashore,781,130.16666666666666,71.04200635304909,6,29.002777644755188
1999,Summer,Santa Barbara,Overnight Stays,201,33.5,60.609405210742665,6,24.743686063317245
1999,Summer,Santa Barbara,Rec Visitors Ashore,808,134.66666666666666,111.37803493807326,6,45.46989235869282
1999,Summer,Santa Cruz,Overnight Stays,4953,825.5,358.5329831410215,6,146.37047744223105
1999,Summer,Santa Cruz,Rec Visitors Ashore,13746,2291,820.3218880415175,6,334.89500842303795
1999,Summer,Santa Rosa,Overnight Stays,1266,211,126.28697478362525,6,51.55644156326799
1999,Summer,Santa Rosa,Rec Visitors Ashore,2428,404.6666666666667,187.84000283929583,6,76.6853600398697
1999,Winter,Anacapa,Overnight Stays,95,15.833333333333332,17.73602736428501,6,7.240702851089651
1999,Winter,Anacapa,Rec Visitors Ashore,5230,871.6666666666666,475.60726094821837,6,194.16585121431055
1999,Winter,Isthmus,Overnight Stays,0,0,0,6,0
1999,Winter,Isthmus,Rec Visitors Ashore,0,0,0,6,0
1999,Winter,San Miguel,Overnight Stays,111,18.5,45.3155602414888,6,18.500000000000004
1999,Winter,San Miguel,Rec Visitors Ashore,271,45.16666666666667,84.52790466270099,6,34.50837257504008
1999,Winter,Santa Barbara,Overnight Stays,200,33.33333333333333,56.9584643987763,6,23.25319571824723
1999,Winter,Santa Barbara,Rec Visitors Ashore,109,18.166666666666664,37.928441395167646,6,15.484221359536008
1999,Winter,Santa Cruz,Overnight Stays,1403,233.83333333333331,210.5359035097498,6,85.95092268912018
1999,Winter,Santa Cruz,Rec Visitors Ashore,4038,673,468.38018745459334,6,191.21541081548145
1999,Winter,Santa Rosa,Overnight Stays,240,40,56.80845007567096,6,23.19195262729438
1999,Winter,Santa Rosa,Rec Visitors Ashore,504,84,101.75460677532,6,41.541144262847006
2000,Summer,Anacapa,Overnight Stays,817,136.16666666666666,60.595104312697295,6,24.737847746138126
2000,Summer,Anacapa,Rec Visitors Ashore,12767,2127.8333333333335,620.3751821814495,6,253.26710757178438
2000,Summer,Isthmus,Overnight Stays,0,0,0,6,0
2000,Summer,Isthmus,Rec Visitors Ashore,115,19.166666666666664,46.94855340334425,6,19.166666666666668
2000,Summer,San Miguel,Overnight Stays,334,55.66666666666667,54.97150777145072,6,22.442024071915718
2000,Summer,San Miguel,Rec Visitors Ashore,923,153.83333333333334,95.96961324641602,6,39.179430544327445
2000,Summer,Santa Barbara,Overnight Stays,393,65.5,48.898875242688355,6,19.962882223433237
2000,Summer,Santa Barbara,Rec Visitors Ashore,1069,178.16666666666666,108.00262342492736,6,44.091886378838964
2000,Summer,Santa Cruz,Overnight Stays,5348,891.3333333333334,406.625462393425,6,166.0041498811936
2000,Summer,Santa Cruz,Rec Visitors Ashore,13626,2271,702.1219267335268,6,286.64007628615605
2000,Summer,Santa Rosa,Overnight Stays,1453,242.16666666666666,62.10770215252426,6,25.355363228406816
2000,Summer,Santa Rosa,Rec Visitors Ashore,2318,386.3333333333333,88.77762480865698,6,36.24331355957645
2000,Winter,Anacapa,Overnight Stays,158,26.333333333333336,37.98245208865097,6,15.506271132817345
2000,Winter,Anacapa,Rec Visitors Ashore,4579,763.1666666666666,596.0746317925857,6,243.34644941819974
2000,Winter,Isthmus,Overnight Stays,0,0,0,6,0
2000,Winter,Isthmus,Rec Visitors Ashore,0,0,0,6,0
2000,Winter,San Miguel,Overnight Stays,45,7.5,18.371173070873837,6,7.500000000000001
2000,Winter,San Miguel,Rec Visitors Ashore,356,59.33333333333333,70.27280175620344,6,28.688751183076004
2000,Winter,Santa Barbara,Overnight Stays,28,4.666666666666666,11.430952132988168,6,4.666666666666669
2000,Winter,Santa Barbara,Rec Visitors Ashore,288,48,69.33685888472307,6,28.306654105822307
2000,Winter,Santa Cruz,Overnight Stays,1581,263.5,186.58590514827213,6,76.1733768014346
2000,Winter,Santa Cruz,Rec Visitors Ashore,4908,818,628.8265261580494,6,256.71735430235333
2000,Winter,Santa Rosa,Overnight Stays,368,61.33333333333333,81.67659803558585,6,33.34433151893204
2000,Winter,Santa Rosa,Rec Visitors Ashore,537,89.5,101.43914431815757,6,41.41235725400492
2001,Summer,Anacapa,Overnight Stays,690,115,47.66550115125194,6,19.4593593591019
2001,Summer,Anacapa,Rec Visitors Ashore,13771,2295.1666666666665,532.247467506109,6,217.28911871308952
2001,Summer,Isthmus,Overnight Stays,0,0,0,6,0
2001,Summer,Isthmus,Rec Visitors Ashore,531,88.5,97.44896100010507,6,39.783371735772555
2001,Summer,San Miguel,Overnight Stays,282,47,38.564232132897445,6,15.743781841306957
2001,Summer,San Miguel,Rec Visitors Ashore,1014,169,96.03541013605346,6,39.20629201203977
2001,Summer,Santa Barbara,Overnight Stays,320,53.33333333333333,55.61894161764197,6,22.70633783281174
2001,Summer,Santa Barbara,Rec Visitors Ashore,1125,187.5,142.48192867869244,6,58.16800380507025
2001,Summer,Santa Cruz,Overnight Stays,6234,1039,604.0026490008136,6,246.58304889022685
2001,Summer,Santa Cruz,Rec Visitors Ashore,17526,2921,1054.8798983770616,6,430.652915157129
2001,Summer,Santa Rosa,Overnight Stays,933,155.5,78.25790694875502,6,31.948656727109306
2001,Summer,Santa Rosa,Rec Visitors Ashore,1714,285.6666666666667,180.34485483835314,6,73.62547868171121
2001,Winter,Anacapa,Overnight Stays,176,29.333333333333332,22.51814083503935,6,9.19299250032932
2001,Winter,Anacapa,Rec Visitors Ashore,3587,597.8333333333334,376.1422160123305,6,153.55941665832302
2001,Winter,Isthmus,Overnight Stays,0,0,0,6,0
2001,Winter,Isthmus,Rec Visitors Ashore,351,58.5,88.04033166679916,6,35.94231489484226
2001,Winter,San Miguel,Overnight Stays,0,0,0,6,0
2001,Winter,San Miguel,Rec Visitors Ashore,93,15.5,31.28418130621289,6,12.771713536822954
2001,Winter,Santa Barbara,Overnight Stays,0,0,0,6,0
2001,Winter,Santa Barbara,Rec Visitors Ashore,55,9.166666666666668,11.513759884011247,6,4.700472789458997
2001,Winter,Santa Cruz,Overnight Stays,1336,222.66666666666669,163.69931785644883,6,66.82996666499577
2001,Winter,Santa Cruz,Rec Visitors Ashore,3761,626.8333333333334,381.9201050830745,6,155.9182299939441
2001,Winter,Santa Rosa,Overnight Stays,231,38.5,55.486034278906615,6,22.65207863898293
2001,Winter,Santa Rosa,Rec Visitors Ashore,289,48.16666666666667,59.83115130654488,6,24.425965237381675
2002,Summer,Anacapa,Overnight Stays,626,104.33333333333333,48.910803169306746,6,19.967751779083972
2002,Summer,Anacapa,Rec Visitors Ashore,13985,2330.8333333333335,197.33364301777502,6,80.56112241301288
2002,Summer,Isthmus,Overnight Stays,306,51,29.919893047937187,6,12.214745187681977
2002,Summer,Isthmus,Rec Visitors Ashore,1484,247.33333333333334,129.99794870176478,6,53.071440321304436
2002,Summer,San Miguel,Overnight Stays,295,49.166666666666664,36.00231474039783,6,14.697883445509351
2002,Summer,San Miguel,Rec Visitors Ashore,1020,170,138.0086953782261,6,56.341813957308844
2002,Summer,Santa Barbara,Overnight Stays,369,61.5,67.24804829881683,6,27.453900755023263
2002,Summer,Santa Barbara,Rec Visitors Ashore,1213,202.16666666666669,174.95189815108228,6,71.42381333358722
2002,Summer,Santa Cruz,Overnight Stays,8967,1494.5,495.4487864552703,6,202.26612008275964
2002,Summer,Santa Cruz,Rec Visitors Ashore,21949,3658.1666666666665,940.2987645778691,6,383.8753631641975
2002,Summer,Santa Rosa,Overnight Stays,1081,180.16666666666666,99.70239047619002,6,40.703330467065115
2002,Summer,Santa Rosa,Rec Visitors Ashore,2257,376.1666666666667,147.99380617670005,6,60.418218370878094
2002,Winter,Anacapa,Overnight Stays,218,36.33333333333333,39.661904476041826,6,16.191904698885114
2002,Winter,Anacapa,Rec Visitors Ashore,6987,1164.5,989.1565599034361,6,403.82147458169356
2002,Winter,Isthmus,Overnight Stays,0,0,0,6,0
2002,Winter,Isthmus,Rec Visitors Ashore,65,10.833333333333332,26.536138880151096,6,10.833333333333334
2002,Winter,San Miguel,Overnight Stays,50,8.333333333333332,11.893976066339913,6,4.855695395901372
2002,Winter,San Miguel,Rec Visitors Ashore,315,52.5,63.320612757616296,6,25.85053190942113
2002,Winter,Santa Barbara,Overnight Stays,0,0,0,6,0
2002,Winter,Santa Barbara,Rec Visitors Ashore,106,17.666666666666668,19.418204517067654,6,7.927448797970533
2002,Winter,Santa Cruz,Overnight Stays,1625,270.8333333333333,218.6681656452687,6,89.27090480354977
2002,Winter,Santa Cruz,Rec Visitors Ashore,5546,924.3333333333333,587.1462055286287,6,239.70143465940663
2002,Winter,Santa Rosa,Overnight Stays,130,21.666666666666664,34.045068169511225,6,13.898840878928636
2002,Winter,Santa Rosa,Rec Visitors Ashore,310,51.66666666666667,66.38272867747052,6,27.1006354989038
2003,Summer,Anacapa,Overnight Stays,654,109,75.05731143599536,6,30.642019080558864
2003,Summer,Anacapa,Rec Visitors Ashore,11313,1885.5,335.7443968259187,6,137.06707603700218
2003,Summer,Isthmus,Overnight Stays,147,24.5,27.038860922753386,6,11.03856874780422
2003,Summer,Isthmus,Rec Visitors Ashore,5373,895.5,640.0749174901325,6,261.3094908341448
2003,Summer,San Miguel,Overnight Stays,408,68,62.35703649148186,6,25.457153546040193
2003,Summer,San Miguel,Rec Visitors Ashore,847,141.16666666666666,77.31860491929912,6,31.565188279354697
2003,Summer,Santa Barbara,Overnight Stays,343,57.16666666666667,62.878984300532935,6,25.670237846796653
2003,Summer,Santa Barbara,Rec Visitors Ashore,1333,222.16666666666666,137.83093508594746,6,56.269243621873734
2003,Summer,Santa Cruz,Overnight Stays,9545,1590.8333333333333,956.7176002701459,6,390.57832476697655
2003,Summer,Santa Cruz,Rec Visitors Ashore,27651,4608.5,2127.292998155167,6,868.4637298125926
2003,Summer,Santa Rosa,Overnight Stays,1190,198.33333333333331,184.79249624015222,6,75.44122068059198
2003,Summer,Santa Rosa,Rec Visitors Ashore,2336,389.3333333333333,269.08486889207774,6,109.85343771488346
2003,Winter,Anacapa,Overnight Stays,130,21.666666666666668,16.02081978759722,6,6.5404722901161945
2003,Winter,Anacapa,Rec Visitors Ashore,4674,779,389.84509744256115,6,159.1535945766437
2003,Winter,Isthmus,Overnight Stays,167,27.833333333333332,17.92670261555835,6,7.318545696455759
2003,Winter,Isthmus,Rec Visitors Ashore,835,139.16666666666666,34.46399086969858,6,14.06986535511663
2003,Winter,San Miguel,Overnight Stays,55,9.166666666666668,21.96740008891964,6,8.968153532237157
2003,Winter,San Miguel,Rec Visitors Ashore,188,31.333333333333336,49.91058671931904,6,20.375911704210385
2003,Winter,Santa Barbara,Overnight Stays,0,0,0,6,0
2003,Winter,Santa Barbara,Rec Visitors Ashore,93,15.5,21.529050141610984,6,8.789197915623474
2003,Winter,Santa Cruz,Overnight Stays,1708,284.6666666666667,225.13166517988236,6,91.90961743896978
2003,Winter,Santa Cruz,Rec Visitors Ashore,7083,1180.5,720.5175223407131,6,294.15004674485436
2003,Winter,Santa Rosa,Overnight Stays,142,23.666666666666664,56.02023443959037,6,22.870164941347593
2003,Winter,Santa Rosa,Rec Visitors Ashore,523,87.16666666666666,69.96403838163336,6,28.56269906324992
2004,Summer,Anacapa,Overnight Stays,674,112.33333333333333,70.39791663583992,6,28.739829118799193
2004,Summer,Anacapa,Rec Visitors Ashore,10167,1694.5,465.44677461553005,6,190.0178500387091
2004,Summer,Isthmus,Overnight Stays,393,65.5,92.51540412277298,6,37.7692555746955
2004,Summer,Isthmus,Rec Visitors Ashore,8741,1456.8333333333333,1619.5312181821832,6,661.1708511757339
2004,Summer,San Miguel,Overnight Stays,312,52,46.505913602465654,6,18.985959724666717
2004,Summer,San Miguel,Rec Visitors Ashore,892,148.66666666666666,139.9580889647564,6,57.13765055645106
2004,Summer,Santa Barbara,Overnight Stays,159,26.5,32.3403772396056,6,13.202903721025413
2004,Summer,Santa Barbara,Rec Visitors Ashore,1340,223.33333333333334,102.49032474661531,6,41.84149986689186
2004,Summer,Santa Cruz,Overnight Stays,10964,1827.3333333333333,1101.2770163163611,6,449.59445923829827
2004,Summer,Santa Cruz,Rec Visitors Ashore,36941,6156.833333333333,2480.66147764395,6,1012.725807467703
2004,Summer,Santa Rosa,Overnight Stays,1595,265.8333333333333,231.4393369042235,6,94.4847136372393
2004,Summer,Santa Rosa,Rec Visitors Ashore,3206,534.3333333333334,337.62681568066637,6,137.83557031638983
2004,Winter,Anacapa,Overnight Stays,78,13,18.33030277982336,6,7.4833147735478835
2004,Winter,Anacapa,Rec Visitors Ashore,8065,1344.1666666666667,1230.7439078324405,6,502.4490963714081
2004,Winter,Isthmus,Overnight Stays,100,16.666666666666664,40.824829046386306,6,16.66666666666667
2004,Winter,Isthmus,Rec Visitors Ashore,1490,248.33333333333331,168.64953799719308,6,68.85088557487438
2004,Winter,San Miguel,Overnight Stays,7,1.1666666666666665,2.857738033247042,6,1.1666666666666672
2004,Winter,San Miguel,Rec Visitors Ashore,188,31.333333333333336,46.465758001636715,6,18.969566269275756
2004,Winter,Santa Barbara,Overnight Stays,22,3.6666666666666665,8.981462390204987,6,3.6666666666666674
2004,Winter,Santa Barbara,Rec Visitors Ashore,385,64.16666666666667,57.14688676268084,6,23.33011882619642
2004,Winter,Santa Cruz,Overnight Stays,3011,501.83333333333337,466.65936899055896,6,190.51288961934077
2004,Winter,Santa Cruz,Rec Visitors Ashore,9390,1565,1164.1805701866012,6,475.2747275699253
2004,Winter,Santa Rosa,Overnight Stays,219,36.5,82.6407889604159,6,33.737960815674676
2004,Winter,Santa Rosa,Rec Visitors Ashore,696,116,146.81689276101713,6,59.937745480901555
2005,Summer,Anacapa,Overnight Stays,678,113,49.31125632145261,6,20.131236093858387
2005,Summer,Anacapa,Rec Visitors Ashore,9370,1561.6666666666667,452.5959198519875,6,184.77151055049347
2005,Summer,Isthmus,Overnight Stays,290,48.333333333333336,13.764689123502452,6,5.619410803436406
2005,Summer,Isthmus,Rec Visitors Ashore,4889,814.8333333333334,189.85722705935288,6,77.5088883791903
2005,Summer,San Miguel,Overnight Stays,358,59.66666666666667,61.12500852079013,6,24.954180233201633
2005,Summer,San Miguel,Rec Visitors Ashore,1318,219.66666666666666,125.03866068807146,6,51.04681946779621
2005,Summer,Santa Barbara,Overnight Stays,348,58,36.30426972134269,6,14.82115605027714
2005,Summer,Santa Barbara,Rec Visitors Ashore,1530,255,134.81691288558716,6,55.03877421115651
2005,Summer,Santa Cruz,Overnight Stays,13920,2320,922.935534043413,6,376.78685398157586
2005,Summer,Santa Cruz,Rec Visitors Ashore,31985,5330.833333333333,1684.3552376700904,6,687.6351463126682
2005,Summer,Santa Rosa,Overnight Stays,1280,213.33333333333334,167.33399734264003,6,68.3138183516174
2005,Summer,Santa Rosa,Rec Visitors Ashore,2437,406.1666666666667,294.83515168084466,6,120.3659466423586
2005,Winter,Anacapa,Overnight Stays,156,26,32.46536616149585,6,13.253930234714028
2005,Winter,Anacapa,Rec Visitors Ashore,3189,531.5,462.78234624929246,6,188.9301017131292
2005,Winter,Isthmus,Overnight Stays,87,14.5,21.454603235669495,6,8.758805093542536
2005,Winter,Isthmus,Rec Visitors Ashore,1412,235.33333333333334,143.24338262784312,6,58.47886607807797
2005,Winter,San Miguel,Overnight Stays,114,19,46.54030511288038,6,19
2005,Winter,San Miguel,Rec Visitors Ashore,341,56.83333333333333,118.39664972737475,6,48.33522984784954
2005,Winter,Santa Barbara,Overnight Stays,0,0,0,6,0
2005,Winter,Santa Barbara,Rec Visitors Ashore,129,21.5,27.120103244641236,6,11.071735786828249
2005,Winter,Santa Cruz,Overnight Stays,2671,445.16666666666663,587.3310537224017,6,239.77689861850982
2005,Winter,Santa Cruz,Rec Visitors Ashore,7564,1260.6666666666667,1216.5236810957142,6,496.64371311613104
2005,Winter,Santa Rosa,Overnight Stays,179,29.833333333333332,66.45424491081563,6,27.129831878907353
2005,Winter,Santa Rosa,Rec Visitors Ashore,476,79.33333333333334,154.56476528195765,6,63.100801192307465
2006,Summer,Anacapa,Overnight Stays,682,113.66666666666667,69.7930273499199,6,28.492884101902437
2006,Summer,Anacapa,Rec Visitors Ashore,9017,1502.8333333333333,298.9564628280624,6,122.0484648726799
2006,Summer,Isthmus,Overnight Stays,0,0,0,6,0
2006,Summer,Isthmus,Rec Visitors Ashore,4433,738.8333333333334,70.15245303385097,6,28.639619022916104
2006,Summer,San Miguel,Overnight Stays,315,52.5,68.92822353724199,6,28.13982942379005
2006,Summer,San Miguel,Rec Visitors Ashore,1377,229.5,203.86735883902554,6,83.2285007274151
2006,Summer,Santa Barbara,Overnight Stays,292,48.666666666666664,58.22256149180202,6,23.769261195455318
2006,Summer,Santa Barbara,Rec Visitors Ashore,1133,188.83333333333331,263.1398234145996,6,107.4263830619731
2006,Summer,Santa Cruz,Overnight Stays,12205,2034.1666666666667,586.4467296069325,6,239.41587481015355
2006,Summer,Santa Cruz,Rec Visitors Ashore,27579,4596.5,1215.6138778411507,6,496.27228749279703
2006,Summer,Santa Rosa,Overnight Stays,1795,299.1666666666667,168.97031297439992,6,68.98184141094266
2006,Summer,Santa Rosa,Rec Visitors Ashore,3086,514.3333333333334,272.040193108788,6,111.05994377412188
2006,Winter,Anacapa,Overnight Stays,202,33.666666666666664,35.6464116941196,6,14.552586635295382
2006,Winter,Anacapa,Rec Visitors Ashore,3055,509.16666666666663,354.94586441690893,6,144.9060423554212
2006,Winter,Isthmus,Overnight Stays,0,0,0,6,0
2006,Winter,Isthmus,Rec Visitors Ashore,2471,411.8333333333333,93.52094239616423,6,38.17976485580346
2006,Winter,San Miguel,Overnight Stays,41,6.833333333333333,16.738179909018378,6,6.833333333333331
2006,Winter,San Miguel,Rec Visitors Ashore,206,34.33333333333333,66.62632112511291,6,27.20008169922371
2006,Winter,Santa Barbara,Overnight Stays,0,0,0,6,0
2006,Winter,Santa Barbara,Rec Visitors Ashore,0,0,0,6,0
2006,Winter,Santa Cruz,Overnight Stays,1841,306.83333333333337,637.8515239980748,6,260.40179424198374
2006,Winter,Santa Cruz,Rec Visitors Ashore,6515,1085.8333333333335,1540.958067783373,6,629.0934968490596
2006,Winter,Santa Rosa,Overnight Stays,204,34,49.18536367660607,6,20.079840636817817
2006,Winter,Santa Rosa,Rec Visitors Ashore,528,88,101.21067137411944,6,41.3190835651841
2007,Summer,Anacapa,Overnight Stays,394,65.66666666666667,39.93327768499183,6,16.302692347516643
2007,Summer,Anacapa,Rec Visitors Ashore,7619,1269.8333333333333,250.55491746654397,6,102.28861672303087
2007,Summer,Isthmus,Overnight Stays,200,33.33333333333333,51.63977794943223,6,21.0818510677892
2007,Summer,Isthmus,Rec Visitors Ashore,4594,765.6666666666666,54.035790608324284,6,22.060019139711656
2007,Summer,San Miguel,Overnight Stays,331,55.166666666666664,45.06624753256773,6,18.398218512792063
2007,Summer,San Miguel,Rec Visitors Ashore,934,155.66666666666666,139.63189702452183,6,57.004483254487205
2007,Summer,Santa Barbara,Overnight Stays,480,80,101.34100848126586,6,41.37229346636063
2007,Summer,Santa Barbara,Rec Visitors Ashore,479,79.83333333333333,64.44041175121919,6,26.307687934222663
2007,Summer,Santa Cruz,Overnight Stays,11427,1904.5,694.2197778801753,6,283.4140375257843
2007,Summer,Santa Cruz,Rec Visitors Ashore,26582,4430.333333333333,1097.1433209324416,6,447.90688516451473
2007,Summer,Santa Rosa,Overnight Stays,1746,291,180.36185849563648,6,73.63242039572877
2007,Summer,Santa Rosa,Rec Visitors Ashore,3691,615.1666666666666,350.0648035245284,6,142.9133575904568
2007,Winter,Anacapa,Overnight Stays,130,21.666666666666664,31.436708903233917,6,12.83398266755535
2007,Winter,Anacapa,Rec Visitors Ashore,3108,518,535.44411473094,6,218.5941444778428
2007,Winter,Isthmus,Overnight Stays,0,0,0,6,0
2007,Winter,Isthmus,Rec Visitors Ashore,2032,338.6666666666667,246.1793384235701,6,100.50229405894729
2007,Winter,San Miguel,Overnight Stays,64,10.666666666666668,25.160816096992296,6,10.271860158272752
2007,Winter,San Miguel,Rec Visitors Ashore,235,39.16666666666667,66.21304000472011,6,27.03136038834236
2007,Winter,Santa Barbara,Overnight Stays,125,20.833333333333336,51.03103630798287,6,20.833333333333332
2007,Winter,Santa Barbara,Rec Visitors Ashore,113,18.833333333333332,17.394443557258928,6,7.101251845821114
2007,Winter,Santa Cruz,Overnight Stays,2694,449,315.1793140420227,6,128.6714161472288
2007,Winter,Santa Cruz,Rec Visitors Ashore,8467,1411.1666666666667,908.4814619279067,6,370.886003750179
2007,Winter,Santa Rosa,Overnight Stays,314,52.33333333333333,92.07315931728782,6,37.58870988888965
2007,Winter,Santa Rosa,Rec Visitors Ashore,940,156.66666666666669,254.55503661618377,6,103.92165852752309
2008,Summer,Anacapa,Overnight Stays,411,68.5,57.43779243668754,6,23.44888057029589
2008,Summer,Anacapa,Rec Visitors Ashore,9619,1603.1666666666667,556.1508488410916,6,227.04763327940196
2008,Summer,Isthmus,Overnight Stays,340,56.666666666666664,45.34607664028572,6,18.51245826763996
2008,Summer,Isthmus,Rec Visitors Ashore,5180,863.3333333333334,388.5998799107723,6,158.64523664803528
2008,Summer,San Miguel,Overnight Stays,218,36.33333333333333,54.996969613485675,6,22.45241882539855
2008,Summer,San Miguel,Rec Visitors Ashore,945,157.5,143.67567643828932,6,58.65534928717074
2008,Summer,Santa Barbara,Overnight Stays,107,17.833333333333332,22.193842990042683,6,9.060598459508316
2008,Summer,Santa Barbara,Rec Visitors Ashore,561,93.5,49.58931336487731,6,20.244752406487958
2008,Summer,Santa Cruz,Overnight Stays,11697,1949.5,807.7754019527953,6,329.7729269259885
2008,Summer,Santa Cruz,Rec Visitors Ashore,32442,5407,1963.109981636281,6,801.4362939955573
2008,Summer,Santa Rosa,Overnight Stays,1845,307.5,232.67466557405857,6,94.98903445486046
2008,Summer,Santa Rosa,Rec Visitors Ashore,3805,634.1666666666666,436.6290950757481,6,178.2530816314577
2008,Winter,Anacapa,Overnight Stays,100,16.666666666666664,40.824829046386306,6,16.66666666666667
2008,Winter,Anacapa,Rec Visitors Ashore,3045,507.5,494.536854036178,6,201.89382523164664
2008,Winter,Isthmus,Overnight Stays,0,0,0,6,0
2008,Winter,Isthmus,Rec Visitors Ashore,2435,405.8333333333333,156.0518076366521,6,63.707883691458825
2008,Winter,San Miguel,Overnight Stays,4,0.6666666666666667,1.2110601416389966,6,0.4944132324730442
2008,Winter,San Miguel,Rec Visitors Ashore,179,29.833333333333336,40.696027652175914,6,16.614083717670916
2008,Winter,Santa Barbara,Overnight Stays,0,0,0,6,0
2008,Winter,Santa Barbara,Rec Visitors Ashore,134,22.333333333333336,49.966655548141965,6,20.398801707725656
2008,Winter,Santa Cruz,Overnight Stays,2003,333.83333333333337,465.74689120451103,6,190.14037212310043
2008,Winter,Santa Cruz,Rec Visitors Ashore,8924,1487.3333333333333,872.4550800280016,6,356.1782949279445
2008,Winter,Santa Rosa,Overnight Stays,253,42.16666666666667,69.58280438920714,6,28.407060937575203
2008,Winter,Santa Rosa,Rec Visitors Ashore,721,120.16666666666666,187.63626159851583,6,76.60218302662429
2009,Summer,Anacapa,Overnight Stays,506,84.33333333333333,65.50012722633954,6,26.74031496531865
2009,Summer,Anacapa,Rec Visitors Ashore,8699,1449.8333333333333,384.78795026178597,6,157.0890228854681
2009,Summer,Isthmus,Overnight Stays,333,55.5,104.02451634110105,6,42.46783096258469
2009,Summer,Isthmus,Rec Visitors Ashore,4046,674.3333333333334,242.6344300932303,6,99.05509129323495
2009,Summer,San Miguel,Overnight Stays,258,43,35.92213802100315,6,14.665151436881473
2009,Summer,San Miguel,Rec Visitors Ashore,1199,199.83333333333334,137.63635663103943,6,56.18980730029643
2009,Summer,Santa Barbara,Overnight Stays,0,0,0,6,0
2009,Summer,Santa Barbara,Rec Visitors Ashore,261,43.5,52.32494624937517,6,21.361569854920933
2009,Summer,Santa Cruz,Overnight Stays,14415,2402.5,760.4579541302728,6,310.45565974333067
2009,Summer,Santa Cruz,Rec Visitors Ashore,35943,5990.5,1561.9565614958694,6,637.6660960095024
2009,Summer,Santa Rosa,Overnight Stays,1746,291,113.92102527628515,6,46.50806381693394
2009,Summer,Santa Rosa,Rec Visitors Ashore,3247,541.1666666666666,175.74460636579056,6,71.74743510707854
2009,Winter,Anacapa,Overnight Stays,71,11.833333333333332,21.414169763655718,6,8.742298197715392
2009,Winter,Anacapa,Rec Visitors Ashore,2821,470.16666666666663,295.8684955629218,6,120.78780751567787
2009,Winter,Isthmus,Overnight Stays,0,0,0,6,0
2009,Winter,Isthmus,Rec Visitors Ashore,2265,377.5,109.02247474718229,6,44.50823893767685
2009,Winter,San Miguel,Overnight Stays,0,0,0,6,0
2009,Winter,San Miguel,Rec Visitors Ashore,134,22.333333333333336,41.86963896030949,6,17.093208527885505
2009,Winter,Santa Barbara,Overnight Stays,0,0,0,6,0
2009,Winter,Santa Barbara,Rec Visitors Ashore,0,0,0,6,0
2009,Winter,Santa Cruz,Overnight Stays,3377,562.8333333333334,462.95546942083604,6,189.00077895195153
2009,Winter,Santa Cruz,Rec Visitors Ashore,11263,1877.1666666666667,979.0878237761242,6,399.7109302705867
2009,Winter,Santa Rosa,Overnight Stays,161,26.833333333333332,65.72797476468195,6,26.833333333333336
2009,Winter,Santa Rosa,Rec Visitors Ashore,428,71.33333333333334,122.39553368757647,6,49.96776738836525
2010,Summer,Anacapa,Overnight Stays,0,0,0,6,0
2010,Summer,Anacapa,Rec Visitors Ashore,2530,421.6666666666667,401.5812080596733,6,163.94484167277454
2010,Summer,Isthmus,Overnight Stays,172,28.666666666666664,39.13906829073307,6,15.978457720040167
2010,Summer,Isthmus,Rec Visitors Ashore,1236,206,286.3117182373086,6,116.88626951015247
2010,Summer,San Miguel,Overnight Stays,1034,172.33333333333334,171.2409608320003,6,69.90882951705345
2010,Summer,San Miguel,Rec Visitors Ashore,1264,210.66666666666666,156.18023775966876,6,63.76031506962444
2010,Summer,Santa Barbara,Overnight Stays,191,31.833333333333336,40.70585543465051,6,16.61809589306522
2010,Summer,Santa Barbara,Rec Visitors Ashore,669,111.5,104.68572013412336,6,42.73776628073427
2010,Summer,Santa Cruz,Overnight Stays,24989,4164.833333333333,3431.3756667941016,6,1400.8532499079902
2010,Summer,Santa Cruz,Rec Visitors Ashore,34162,5693.666666666667,2843.9582744243394,6,1161.0411036842945
2010,Summer,Santa Rosa,Overnight Stays,1022,170.33333333333334,93.86728219495154,6,38.32115748657798
2010,Summer,Santa Rosa,Rec Visitors Ashore,2086,347.6666666666667,170.80359090682686,6,69.73027399280109
2010,Winter,Anacapa,Overnight Stays,11,1.8333333333333333,4.490731195102493,6,1.8333333333333333
2010,Winter,Anacapa,Rec Visitors Ashore,2553,425.5,566.6528919894436,6,231.33507444109438
2010,Winter,Isthmus,Overnight Stays,30,5,9.612491872558333,6,3.9242833740697174
2010,Winter,Isthmus,Rec Visitors Ashore,1090,181.66666666666669,175.8017823193686,6,71.77077709238242
2010,Winter,San Miguel,Overnight Stays,98,16.333333333333332,22.455882673960218,6,9.16757571250134
2010,Winter,San Miguel,Rec Visitors Ashore,201,33.5,62.679342689597505,6,25.588734500426813
2010,Winter,Santa Barbara,Overnight Stays,160,26.666666666666664,48.96393230395887,6,19.989441657479528
2010,Winter,Santa Barbara,Rec Visitors Ashore,367,61.16666666666667,67.90998944681606,6,27.724137097081634
2010,Winter,Santa Cruz,Overnight Stays,3204,534,627.9703814671517,6,256.3678346959046
2010,Winter,Santa Cruz,Rec Visitors Ashore,12023,2003.8333333333335,1305.2828684490833,6,532.8794996161057
2010,Winter,Santa Rosa,Overnight Stays,161,26.833333333333332,64.75312090290834,6,26.435350910812165
2010,Winter,Santa Rosa,Rec Visitors Ashore,341,56.83333333333333,97.21402505125826,6,39.68745953628734
2011,Summer,Anacapa,Overnight Stays,261,43.5,54.77864547430869,6,22.36328836881255
2011,Summer,Anacapa,Rec Visitors Ashore,3370,561.6666666666666,470.70783578209813,6,192.16566926598634
2011,Summer,Isthmus,Overnight Stays,0,0,0,6,0
2011,Summer,Isthmus,Rec Visitors Ashore,564,94,230.25203582161873,6,94
2011,Summer,San Miguel,Overnight Stays,181,30.166666666666668,24.91117553763103,6,10.169944826683073
2011,Summer,San Miguel,Rec Visitors Ashore,910,151.66666666666666,111.06694677835826,6,45.34289114930562
2011,Summer,Santa Barbara,Overnight Stays,333,55.5,54.19132771947925,6,22.123516899444358
2011,Summer,Santa Barbara,Rec Visitors Ashore,967,161.16666666666666,95.43881111301978,6,38.96273148079386
2011,Summer,Santa Cruz,Overnight Stays,12771,2128.5,751.2128193794352,6,306.68134928619315
2011,Summer,Santa Cruz,Rec Visitors Ashore,31504,5250.666666666667,2264.782432523413,6,924.5935563502726
2011,Summer,Santa Rosa,Overnight Stays,1130,188.33333333333334,146.7087818321271,6,59.89360937900174
2011,Summer,Santa Rosa,Rec Visitors Ashore,2615,435.8333333333333,346.1822737614777,6,141.3283214520163
2011,Winter,Anacapa,Overnight Stays,0,0,0,6,0
2011,Winter,Anacapa,Rec Visitors Ashore,1089,181.5,442.6256883643334,6,180.70118059012972
2011,Winter,Isthmus,Overnight Stays,57,9.5,13.619838471876236,6,5.560275772537426
2011,Winter,Isthmus,Rec Visitors Ashore,970,161.66666666666666,143.37456771222247,6,58.5324221645102
2011,Winter,San Miguel,Overnight Stays,202,33.66666666666667,79.56297296272096,6,32.48144769625339
2011,Winter,San Miguel,Rec Visitors Ashore,221,36.83333333333333,78.22893752740522,6,31.936830010367522
2011,Winter,Santa Barbara,Overnight Stays,95,15.833333333333334,34.56250376732952,6,14.110083077163102
2011,Winter,Santa Barbara,Rec Visitors Ashore,182,30.333333333333336,58.858021260204346,6,24.028686559564132
2011,Winter,Santa Cruz,Overnight Stays,10970,1828.3333333333335,1889.1300290521738,6,771.2341048244979
2011,Winter,Santa Cruz,Rec Visitors Ashore,8228,1371.3333333333333,641.9827619700288,6,262.08836508153337
2011,Winter,Santa Rosa,Overnight Stays,96,16,39.191835884530846,6,16
2011,Winter,Santa Rosa,Rec Visitors Ashore,333,55.5,106.62035452951748,6,43.52757746532651
2012,Summer,Anacapa,Overnight Stays,205,34.166666666666664,27.809470808820986,6,11.35316891640587
2012,Summer,Anacapa,Rec Visitors Ashore,5640,940,212.92252111977257,6,86.92525524840293
2012,Summer,Isthmus,Overnight Stays,0,0,0,6,0
2012,Summer,Isthmus,Rec Visitors Ashore,1592,265.3333333333333,73.5653904133368,6,30.032944873551408
2012,Summer,San Miguel,Overnight Stays,180,30,30.56795707926848,6,12.479316220584098
2012,Summer,San Miguel,Rec Visitors Ashore,817,136.16666666666666,118.11421026560126,6,48.21992442042098
2012,Summer,Santa Barbara,Overnight Stays,350,58.33333333333333,42.90299134870046,6,17.51507287389287
2012,Summer,Santa Barbara,Rec Visitors Ashore,786,131,46.561786907291264,6,19.00876990584434
2012,Summer,Santa Cruz,Overnight Stays,13265,2210.8333333333335,855.8755555959444,6,349.4097324218533
2012,Summer,Santa Cruz,Rec Visitors Ashore,40573,6762.166666666667,2347.3085367430217,6,958.2846973165705
2012,Summer,Santa Rosa,Overnight Stays,1557,259.5,175.33140049631726,6,71.57874451725642
2012,Summer,Santa Rosa,Rec Visitors Ashore,3173,528.8333333333334,268.1726433972464,6,109.48102321610102
2012,Winter,Anacapa,Overnight Stays,9,1.5,2.345207879911715,6,0.9574271077563382
2012,Winter,Anacapa,Rec Visitors Ashore,2266,377.66666666666663,569.4438222218823,6,232.47446693729142
2012,Winter,Isthmus,Overnight Stays,0,0,0,6,0
2012,Winter,Isthmus,Rec Visitors Ashore,489,81.5,99.24867757305384,6,40.51810294999837
2012,Winter,San Miguel,Overnight Stays,42,7,17.146428199482248,6,7.000000000000001
2012,Winter,San Miguel,Rec Visitors Ashore,229,38.16666666666667,79.97853878801904,6,32.65110173400653
2012,Winter,Santa Barbara,Overnight Stays,59,9.833333333333332,24.08664913736792,6,9.833333333333336
2012,Winter,Santa Barbara,Rec Visitors Ashore,224,37.33333333333333,58.10909280540066,6,23.722937798210783
2012,Winter,Santa Cruz,Overnight Stays,6224,1037.3333333333333,968.4469353901981,6,395.3668057780156
2012,Winter,Santa Cruz,Rec Visitors Ashore,12398,2066.3333333333335,1160.3435123560034,6,473.70825527017274
2012,Winter,Santa Rosa,Overnight Stays,244,40.66666666666667,89.47774397394399,6,36.52913601192586
2012,Winter,Santa Rosa,Rec Visitors Ashore,629,104.83333333333334,133.34979065100427,6,54.43982406698652
2013,Summer,Anacapa,Overnight Stays,8,1.3333333333333333,2.4221202832779936,6,0.9888264649460886
2013,Summer,Anacapa,Rec Visitors Ashore,6063,1010.5,259.5871722562577,6,105.97601929996554
2013,Summer,Isthmus,Overnight Stays,8,1.3333333333333335,3.265986323710904,6,1.3333333333333335
2013,Summer,Isthmus,Rec Visitors Ashore,1616,269.33333333333337,370.9219145139132,6,151.4282374958882
2013,Summer,San Miguel,Overnight Stays,417,69.5,51.51601692677725,6,21.031325841864245
2013,Summer,San Miguel,Rec Visitors Ashore,1181,196.83333333333334,149.5920006773981,6,61.070678543616815
2013,Summer,Santa Barbara,Overnight Stays,117,19.5,38.80077318817242,6,15.840349322747484
2013,Summer,Santa Barbara,Rec Visitors Ashore,418,69.66666666666667,69.22331013948023,6,28.260298024692602
2013,Summer,Santa Cruz,Overnight Stays,13257,2209.5,639.797389803991,6,261.1961906307211
2013,Summer,Santa Cruz,Rec Visitors Ashore,42477,7079.5,2435.959831360115,6,994.4764367914071
2013,Summer,Santa Rosa,Overnight Stays,2575,429.1666666666667,252.3231393801739,6,103.01049029643103
2013,Summer,Santa Rosa,Rec Visitors Ashore,4583,763.8333333333334,366.79771900417626,6,149.74454172949936
2013,Winter,Anacapa,Overnight Stays,4,0.6666666666666667,1.632993161855452,6,0.6666666666666667
2013,Winter,Anacapa,Rec Visitors Ashore,2456,409.33333333333337,376.14553920878376,6,153.56077334759394
2013,Winter,Isthmus,Overnight Stays,0,0,0,6,0
2013,Winter,Isthmus,Rec Visitors Ashore,993,165.5,179.72729341978086,6,73.37336028832264
2013,Winter,San Miguel,Overnight Stays,52,8.666666666666668,21.228911104120876,6,8.666666666666666
2013,Winter,San Miguel,Rec Visitors Ashore,134,22.333333333333336,53.731430900978864,6,21.935764809501805
2013,Winter,Santa Barbara,Overnight Stays,60,10,24.49489742783178,6,10
2013,Winter,Santa Barbara,Rec Visitors Ashore,205,34.166666666666664,35.210320456744874,6,14.374553133150881
2013,Winter,Santa Cruz,Overnight Stays,4666,777.6666666666666,575.6900786592267,6,235.02449044963618
2013,Winter,Santa Cruz,Rec Visitors Ashore,16216,2702.6666666666665,1709.3701374092934,6,697.8474363673228
2013,Winter,Santa Rosa,Overnight Stays,348,58,92.93438545554599,6,37.94030398753635
2013,Winter,Santa Rosa,Rec Visitors Ashore,1017,169.5,183.6047385009439,6,74.95632061407497
2014,Summer,Anacapa,Overnight Stays,0,0,0,6,0
2014,Summer,Anacapa,Rec Visitors Ashore,6417,1069.5,411.09548769112024,6,167.82903006730788
2014,Summer,Isthmus,Overnight Stays,0,0,0,6,0
2014,Summer,Isthmus,Rec Visitors Ashore,2976,496,218.84515073448623,6,89.34315866366042
2014,Summer,San Miguel,Overnight Stays,0,0,0,6,0
2014,Summer,San Miguel,Rec Visitors Ashore,41,6.833333333333333,16.738179909018378,6,6.833333333333331
2014,Summer,Santa Barbara,Overnight Stays,101,16.833333333333332,26.309060543217175,6,10.740628990478683
2014,Summer,Santa Barbara,Rec Visitors Ashore,405,67.5,81.48558154667609,6,33.26634936388422
2014,Summer,Santa Cruz,Overnight Stays,15401,2566.8333333333335,765.8883513062897,6,312.67261010697933
2014,Summer,Santa Cruz,Rec Visitors Ashore,47811,7968.5,2105.8725270063237,6,859.718859085147
2014,Summer,Santa Rosa,Overnight Stays,2810,468.3333333333333,169.9690167844324,6,69.38956053406817
2014,Summer,Santa Rosa,Rec Visitors Ashore,4121,686.8333333333334,217.3664340846274,6,88.73947511927511
2014,Winter,Anacapa,Overnight Stays,18,3,7.3484692283495345,6,3.0000000000000004
2014,Winter,Anacapa,Rec Visitors Ashore,2157,359.5,175.08483657929946,6,71.47808521964384
2014,Winter,Isthmus,Overnight Stays,152,25.333333333333336,62.053740150507174,6,25.333333333333332
2014,Winter,Isthmus,Rec Visitors Ashore,1092,182,261.9427418349285,6,106.93767655352657
2014,Winter,San Miguel,Overnight Stays,6,1,2.449489742783178,6,1
2014,Winter,San Miguel,Rec Visitors Ashore,238,39.666666666666664,46.89847190118956,6,19.146220979028154
2014,Winter,Santa Barbara,Overnight Stays,39,6.5,12.80234353546256,6,5.226534862283678
2014,Winter,Santa Barbara,Rec Visitors Ashore,122,20.333333333333336,37.23797345005051,6,15.20233900132184
2014,Winter,Santa Cruz,Overnight Stays,4006,667.6666666666666,426.43248781802106,6,174.0903341499592
2014,Winter,Santa Cruz,Rec Visitors Ashore,15077,2512.8333333333335,962.7690100261156,6,393.0488024547475
2014,Winter,Santa Rosa,Overnight Stays,167,27.833333333333336,48.043383172572966,6,19.61362904830324
2014,Winter,Santa Rosa,Rec Visitors Ashore,646,107.66666666666666,110.28266711803205,6,45.02271031873187
2015,Summer,Anacapa,Overnight Stays,415,69.16666666666667,55.15583982378173,6,22.51727731715755
2015,Summer,Anacapa,Rec Visitors Ashore,5668,944.6666666666666,388.2564444625056,6,158.50502971339571
2015,Summer,Isthmus,Overnight Stays,14,2.333333333333333,3.2041639575194445,6,1.3080944580232392
2015,Summer,Isthmus,Rec Visitors Ashore,3318,553,127.12198865656563,6,51.897334549409514
2015,Summer,San Miguel,Overnight Stays,0,0,0,6,0
2015,Summer,San Miguel,Rec Visitors Ashore,0,0,0,6,0
2015,Summer,Santa Barbara,Overnight Stays,256,42.666666666666664,38.12435791809046,6,15.564203945092872
2015,Summer,Santa Barbara,Rec Visitors Ashore,532,88.66666666666667,63.99895832485609,6,26.127465327590517
2015,Summer,Santa Cruz,Overnight Stays,15472,2578.6666666666665,848.7493544425625,6,346.5004729834835
2015,Summer,Santa Cruz,Rec Visitors Ashore,47035,7839.166666666667,2938.3499054174376,6,1199.5763256713226
2015,Summer,Santa Rosa,Overnight Stays,1864,310.6666666666667,143.5557963534272,6,58.60640844746513
2015,Summer,Santa Rosa,Rec Visitors Ashore,3407,567.8333333333334,142.66522584942228,6,58.24283456166757
2015,Winter,Anacapa,Overnight Stays,0,0,0,6,0
2015,Winter,Anacapa,Rec Visitors Ashore,3293,548.8333333333334,369.5540104865142,6,150.86979301518394
2015,Winter,Isthmus,Overnight Stays,114,19,46.54030511288038,6,19
2015,Winter,Isthmus,Rec Visitors Ashore,2849,474.8333333333333,109.84610446741691,6,44.84448436293786
2015,Winter,San Miguel,Overnight Stays,0,0,0,6,0
2015,Winter,San Miguel,Rec Visitors Ashore,5,0.8333333333333334,2.041241452319315,6,0.8333333333333335
2015,Winter,Santa Barbara,Overnight Stays,0,0,0,6,0
2015,Winter,Santa Barbara,Rec Visitors Ashore,30,5,6.870225614927067,6,2.8047578623950176
2015,Winter,Santa Cruz,Overnight Stays,4872,812,543.0727391427414,6,221.7085173525516
2015,Winter,Santa Cruz,Rec Visitors Ashore,18247,3041.1666666666665,1413.875159505487,6,577.2121167974368
2015,Winter,Santa Rosa,Overnight Stays,43,7.166666666666666,11.143009766964518,6,4.549114687985393
2015,Winter,Santa Rosa,Rec Visitors Ashore,784,130.66666666666669,153.38274566152043,6,62.618243702969224
2016,Summer,Anacapa,Overnight Stays,272,45.333333333333336,25.113077602449817,6,10.252370999486466
2016,Summer,Anacapa,Rec Visitors Ashore,6082,1013.6666666666666,382.7409916205301,6,156.25335551952514
2016,Summer,Isthmus,Overnight Stays,5,0.8333333333333333,0.9831920802501751,6,0.40138648595974324
2016,Summer,Isthmus,Rec Visitors Ashore,11441,1906.8333333333335,1578.9233568057275,6,644.5927611894024
2016,Summer,San Miguel,Overnight Stays,32,5.333333333333334,7.5277265270908105,6,3.0731814857642963
2016,Summer,San Miguel,Rec Visitors Ashore,416,69.33333333333333,57.659922534345,6,23.53956480292512
2016,Summer,Santa Barbara,Overnight Stays,0,0,0,6,0
2016,Summer,Santa Barbara,Rec Visitors Ashore,0,0,0,6,0
2016,Summer,Santa Cruz,Overnight Stays,15999,2666.5,859.6131106492036,6,350.9355828828609
2016,Summer,Santa Cruz,Rec Visitors Ashore,46027,7671.166666666667,3203.2811563561927,6,1307.734055957522
2016,Summer,Santa Rosa,Overnight Stays,1987,331.1666666666667,167.24283741513915,6,68.27660246705635
2016,Summer,Santa Rosa,Rec Visitors Ashore,3768,628,170.42065602502532,6,69.57394148194663
2016,Winter,Anacapa,Overnight Stays,95,15.833333333333332,13.556056457047776,6,5.534236874021366
2016,Winter,Anacapa,Rec Visitors Ashore,2140,356.6666666666667,187.89748978277134,6,76.70882898626758
2016,Winter,Isthmus,Overnight Stays,60,10,13.6088206689632,6,5.555777773333511
2016,Winter,Isthmus,Rec Visitors Ashore,5179,863.1666666666666,530.7780766635587,6,216.6892424135951
2016,Winter,San Miguel,Overnight Stays,0,0,0,6,0
2016,Winter,San Miguel,Rec Visitors Ashore,0,0,0,6,0
2016,Winter,Santa Barbara,Overnight Stays,50,8.333333333333332,14.375905768565216,6,5.868938953886337
2016,Winter,Santa Barbara,Rec Visitors Ashore,93,15.5,29.118722499450417,6,11.887668680892258
2016,Winter,Santa Cruz,Overnight Stays,4747,791.1666666666666,579.6583188971472,6,236.6445177429171
2016,Winter,Santa Cruz,Rec Visitors Ashore,13685,2280.8333333333335,1780.7069850670734,6,726.9705824706924
2016,Winter,Santa Rosa,Overnight Stays,180,30,52.53950894327049,6,21.449164707901023
2016,Winter,Santa Rosa,Rec Visitors Ashore,862,143.66666666666666,140.34053821567974,6,57.29378480932969
2017,Summer,Anacapa,Overnight Stays,288,48,29.34620929523948,6,11.980539776376245
2017,Summer,Anacapa,Rec Visitors Ashore,5230,871.6666666666666,256.6364484376034,6,104.77139134536893
2017,Summer,Isthmus,Overnight Stays,4,0.6666666666666667,1.0327955589886446,6,0.421637021355784
2017,Summer,Isthmus,Rec Visitors Ashore,4815,802.5,117.76714312574624,6,48.078234853898984
2017,Summer,San Miguel,Overnight Stays,274,45.666666666666664,66.98557058551242,6,27.346744677281876
2017,Summer,San Miguel,Rec Visitors Ashore,815,135.83333333333334,119.89231279221644,6,48.9458317371811
2017,Summer,Santa Barbara,Overnight Stays,0,0,0,6,0
2017,Summer,Santa Barbara,Rec Visitors Ashore,0,0,0,6,0
2017,Summer,Santa Cruz,Overnight Stays,14010,2335,524.5691565465892,6,214.15446139021557
2017,Summer,Santa Cruz,Rec Visitors Ashore,49971,8328.5,2021.5113900248002,6,825.2785691308522
2017,Summer,Santa Rosa,Overnight Stays,3026,504.3333333333333,142.25282656828534,6,58.07447326015489
2017,Summer,Santa Rosa,Rec Visitors Ashore,8465,1410.8333333333333,178.57706086355736,6,72.90377981360852
2017,Winter,Anacapa,Overnight Stays,37,6.166666666666666,6.735478206235,6,2.7497474631520458
2017,Winter,Anacapa,Rec Visitors Ashore,1444,240.66666666666669,183.1236376513602,6,74.75991201469171
2017,Winter,Isthmus,Overnight Stays,65,10.833333333333332,16.70229525145172,6,6.818683483227862
2017,Winter,Isthmus,Rec Visitors Ashore,4286,714.3333333333334,460.2667342603272,6,187.90310741916372
2017,Winter,San Miguel,Overnight Stays,7,1.1666666666666665,2.401388487243717,6,0.9803627446568496
2017,Winter,San Miguel,Rec Visitors Ashore,96,16,14.953260514014994,6,6.104643041707408
2017,Winter,Santa Barbara,Overnight Stays,0,0,0,6,0
2017,Winter,Santa Barbara,Rec Visitors Ashore,0,0,0,6,0
2017,Winter,Santa Cruz,Overnight Stays,4006,667.6666666666666,402.49703932658514,6,164.31872822184465
2017,Winter,Santa Cruz,Rec Visitors Ashore,18533,3088.8333333333335,1594.535972208425,6,650.9665847372233
2017,Winter,Santa Rosa,Overnight Stays,374,62.33333333333333,83.74405451533062,6,34.18836709239628
2017,Winter,Santa Rosa,Rec Visitors Ashore,1367,227.83333333333331,246.3261388214143,6,100.5622250704066
2018,Summer,Anacapa,Overnight Stays,125,20.833333333333332,22.00378755275252,6,8.983008652141246
2018,Summer,Anacapa,Rec Visitors Ashore,5259,876.5,203.29166239666594,6,82.99347363899567
2018,Summer,Isthmus,Overnight Stays,5,0.8333333333333333,0.9831920802501751,6,0.40138648595974324
2018,Summer,Isthmus,Rec Visitors Ashore,5432,905.3333333333334,170.95340495780326,6,69.79143532299967
2018,Summer,San Miguel,Overnight Stays,311,51.833333333333336,54.72628862499874,6,22.341913774587688
2018,Summer,San Miguel,Rec Visitors Ashore,437,72.83333333333333,50.728361561030795,6,20.709766885323564
2018,Summer,Santa Barbara,Overnight Stays,0,0,0,6,0
2018,Summer,Santa Barbara,Rec Visitors Ashore,41,6.833333333333333,11.356349178616632,6,4.636210138080935
2018,Summer,Santa Cruz,Overnight Stays,13032,2172,551.3771848743834,6,225.09879312574438
2018,Summer,Santa Cruz,Rec Visitors Ashore,45939,7656.5,2495.517000543174,6,1018.7905492952581
2018,Summer,Santa Rosa,Overnight Stays,1880,313.3333333333333,179.97073836228674,6,73.47274626992274
2018,Summer,Santa Rosa,Rec Visitors Ashore,9541,1590.1666666666665,2496.616223344443,6,1019.239305124715
2018,Winter,Anacapa,Overnight Stays,31,5.166666666666666,5.344779384283945,6,2.181997046540419
2018,Winter,Anacapa,Rec Visitors Ashore,2478,413,169.8340366357698,6,69.3344551191301
2018,Winter,Isthmus,Overnight Stays,78,13,20.059910268991732,6,8.189424074174365
2018,Winter,Isthmus,Rec Visitors Ashore,2598,433,205.926200372852,6,84.06901926393576
2018,Winter,San Miguel,Overnight Stays,59,9.833333333333332,23.600141242515196,6,9.634717316962538
2018,Winter,San Miguel,Rec Visitors Ashore,364,60.66666666666667,107.3585891611224,6,43.82896049164044
2018,Winter,Santa Barbara,Overnight Stays,0,0,0,6,0
2018,Winter,Santa Barbara,Rec Visitors Ashore,27,4.5,6.6257075093909785,6,2.7049337638224467
2018,Winter,Santa Cruz,Overnight Stays,4528,754.6666666666666,460.5985960320186,6,188.03858942012704
2018,Winter,Santa Cruz,Rec Visitors Ashore,18476,3079.3333333333335,971.6965918776635,6,396.69347248361817
2018,Winter,Santa Rosa,Overnight Stays,863,143.83333333333331,217.51452058809008,6,88.79993118115452
2018,Winter,Santa Rosa,Rec Visitors Ashore,2287,381.16666666666663,524.6291706211795,6,214.17896203357085
2019,Summer,Anacapa,Overnight Stays,898,149.66666666666666,64.80329209744414,6,26.45583321521194
2019,Summer,Anacapa,Rec Overnight Boats,928,154.66666666666666,147.6884107391865,6,60.29354120559773
2019,Summer,Anacapa,Rec Visitors Ashore,4680,780,250.84576934841854,6,102.40735650658436
2019,Summer,Anacapa,Rec Visitors on Boats,37959,6326.5,2740.7619196128658,6,1118.911368250408
2019,Summer,Isthmus,Overnight Stays,1221,203.5,109.30827964980512,6,44.62491830057881
2019,Summer,Isthmus,Rec Visitors Ashore,6404,1067.3333333333333,124.32001716001596,6,50.75343447601464
2019,Summer,San Miguel,Overnight Stays,613,102.16666666666666,111.51935556963494,6,45.527586264935145
2019,Summer,San Miguel,Rec Overnight Boats,682,113.66666666666667,73.65233646441006,6,30.06844045026465
2019,Summer,San Miguel,Rec Visitors Ashore,358,59.66666666666667,58.11253450561821,6,23.724342866440885
2019,Summer,San Miguel,Rec Visitors on Boats,2633,438.83333333333337,374.18787616205134,6,152.76156075546115
2019,Summer,Santa Barbara,Overnight Stays,0,0,0,6,0
2019,Summer,Santa Barbara,Rec Overnight Boats,1776,296,134.69521149617754,6,54.989089826982955
2019,Summer,Santa Barbara,Rec Visitors Ashore,87,14.5,14.446452851824906,6,5.897739680024317
2019,Summer,Santa Barbara,Rec Visitors on Boats,13225,2204.1666666666665,735.5236003464923,6,300.27625243728113
2019,Summer,Santa Cruz,Overnight Stays,10687,1781.1666666666667,254.77473710449917,6,104.01135087629193
2019,Summer,Santa Cruz,Rec Overnight Boats,3070,511.6666666666667,207.10061966751007,6,84.54847393326769
2019,Summer,Santa Cruz,Rec Visitors Ashore,49466,8244.333333333334,1632.84692076957,6,666.6069639933598
2019,Summer,Santa Cruz,Rec Visitors on Boats,5882,980.3333333333334,244.7779946536589,6,99.93019786052886
2019,Summer,Santa Rosa,Overnight Stays,2658,443,180.11884965211163,6,73.53321245079215
2019,Summer,Santa Rosa,Rec Overnight Boats,1022,170.33333333333334,72.51114856811101,6,29.60255244250251
2019,Summer,Santa Rosa,Rec Visitors Ashore,4092,682,300.80359040410406,6,122.80255154786757
2019,Summer,Santa Rosa,Rec Visitors on Boats,5494,915.6666666666666,227.9233789383324,6,93.04932980832146
2019,Winter,Anacapa,Overnight Stays,92,15.333333333333332,16.378848148348734,6,6.6866367563305795
2019,Winter,Anacapa,Rec Visitors Ashore,1335,222.5,132.25845908674424,6,53.99428982154811
2019,Winter,Isthmus,Overnight Stays,433,72.16666666666666,91.21933274622583,6,37.24013665090098
2019,Winter,Isthmus,Rec Visitors Ashore,3637,606.1666666666666,358.77815801225506,6,146.47056966427687
2019,Winter,San Miguel,Overnight Stays,50,8.333333333333332,20.412414523193153,6,8.333333333333336
2019,Winter,San Miguel,Rec Visitors Ashore,185,30.833333333333336,51.16411502866699,6,20.887662493549744
2019,Winter,Santa Barbara,Overnight Stays,0,0,0,6,0
2019,Winter,Santa Barbara,Rec Visitors Ashore,49,8.166666666666668,12.93702696397695,6,5.28151914172849
2019,Winter,Santa Cruz,Overnight Stays,6630,1105,697.8744872826345,6,284.90606639148046
2019,Winter,Santa Cruz,Rec Visitors Ashore,19849,3308.1666666666665,1348.1297291680303,6,550.3716572563591
2019,Winter,Santa Rosa,Overnight Stays,617,102.83333333333334,137.85269916351533,6,56.27812876933434
2019,Winter,Santa Rosa,Rec Visitors Ashore,1776,296,319.2516248979792,6,130.33393009241047
2020,Summer,Anacapa,Overnight Stays,852,142,123.6899349179229,6,50.496204477828506
2020,Summer,Anacapa,Rec Overnight Boats,928,154.66666666666666,147.6884107391865,6,60.29354120559773
2020,Summer,Anacapa,Rec Visitors Ashore,2357,392.8333333333333,348.10941766442727,6,142.11507465587331
2020,Summer,Anacapa,Rec Visitors on Boats,21854,3642.3333333333335,2546.203657735702,6,1039.4832904434354
2020,Summer,Isthmus,Overnight Stays,645,107.5,84.65400167741629,6,34.5598514657302
2020,Summer,Isthmus,Rec Visitors Ashore,11460,1910,1500.401279658212,6,612.5362574302575
2020,Summer,San Miguel,Overnight Stays,765,127.5,144.2522096884481,6,58.890718000943636
2020,Summer,San Miguel,Rec Overnight Boats,682,113.66666666666667,73.65233646441006,6,30.06844045026465
2020,Summer,San Miguel,Rec Visitors Ashore,937,156.16666666666666,162.8046887121703,6,66.4647358462449
2020,Summer,San Miguel,Rec Visitors on Boats,1200,200,237.4447304111001,6,96.93640526998445
2020,Summer,Santa Barbara,Overnight Stays,0,0,0,6,0
2020,Summer,Santa Barbara,Rec Overnight Boats,1776,296,134.69521149617754,6,54.989089826982955
2020,Summer,Santa Barbara,Rec Visitors Ashore,99,16.5,15.398051824825114,6,6.286228333958819
2020,Summer,Santa Barbara,Rec Visitors on Boats,11465,1910.8333333333333,1495.9118178110189,6,610.7034423060383
2020,Summer,Santa Cruz,Overnight Stays,0,0,0,6,0
2020,Summer,Santa Cruz,Rec Overnight Boats,3070,511.6666666666667,207.10061966751007,6,84.54847393326769
2020,Summer,Santa Cruz,Rec Visitors Ashore,0,0,0,6,0
2020,Summer,Santa Cruz,Rec Visitors on Boats,4211,701.8333333333334,553.3072985843099,6,225.88675874822277
2020,Summer,Santa Rosa,Overnight Stays,3370,561.6666666666666,445.0998389874643,6,181.711248352373
2020,Summer,Santa Rosa,Rec Overnight Boats,1022,170.33333333333334,72.51114856811101,6,29.60255244250251
2020,Summer,Santa Rosa,Rec Visitors Ashore,5484,914,854.7633590649519,6,348.95568008941575
2020,Summer,Santa Rosa,Rec Visitors on Boats,5626,937.6666666666667,696.2237188337285,6,284.2321429942629
2020,Winter,Anacapa,Overnight Stays,12,2,2.5298221281347035,6,1.0327955589886446
2020,Winter,Anacapa,Rec Overnight Boats,472,78.66666666666667,70.90181003801432,6,28.94554273881291
2020,Winter,Anacapa,Rec Visitors Ashore,1292,215.33333333333331,134.87871094678607,6,55.06400316399495
2020,Winter,Anacapa,Rec Visitors on Boats,18698,3116.333333333333,3002.07299489314,6,1225.5911680128538
2020,Winter,Isthmus,Overnight Stays,362,60.33333333333333,96.66781608512044,6,39.46447065962554
2020,Winter,Isthmus,Rec Visitors Ashore,8933,1488.8333333333333,746.2534198693273,6,304.6566829144643
2020,Winter,San Miguel,Overnight Stays,147,24.5,45.78973684134907,6,18.693581786270926
2020,Winter,San Miguel,Rec Overnight Boats,297,49.5,45.728546882664006,6,18.668601090244195
2020,Winter,San Miguel,Rec Visitors Ashore,259,43.16666666666667,73.88482027227694,6,30.163351567386833
2020,Winter,San Miguel,Rec Visitors on Boats,3004,500.66666666666663,700.5128597439641,6,285.98317743842523
2020,Winter,Santa Barbara,Overnight Stays,0,0,0,6,0
2020,Winter,Santa Barbara,Rec Overnight Boats,640,106.66666666666666,126.1343199397637,6,51.494120484230486
2020,Winter,Santa Barbara,Rec Visitors Ashore,17,2.8333333333333335,3.600925806881706,6,1.4700718047466632
2020,Winter,Santa Barbara,Rec Visitors on Boats,8068,1344.6666666666665,1241.5370581125103,6,506.85538152196614
2020,Winter,Santa Cruz,Overnight Stays,1785,297.5,477.6859847221813,6,195.01448664137752
2020,Winter,Santa Cruz,Rec Overnight Boats,696,116,134.82729693945512,6,55.04301348339619
2020,Winter,Santa Cruz,Rec Visitors Ashore,8757,1459.5,2375.644312602373,6,969.8527293701178
2020,Winter,Santa Cruz,Rec Visitors on Boats,5338,889.6666666666667,875.6532799382793,6,357.48395457387704
2020,Winter,Santa Rosa,Overnight Stays,868,144.66666666666669,220.37936987537347,6,89.96950100512458
2020,Winter,Santa Rosa,Rec Overnight Boats,434,72.33333333333333,39.64677372330145,6,16.185727594945423
2020,Winter,Santa Rosa,Rec Visitors Ashore,1756,292.6666666666667,214.96852482786093,6,87.76053276451273
2020,Winter,Santa Rosa,Rec Visitors on Boats,3718,619.6666666666667,594.1018992282945,6,242.5410847212855
2021,Summer,Anacapa,Overnight Stays,221,36.833333333333336,43.51742945839823,6,17.765916181772834
2021,Summer,Anacapa,Rec Overnight Boats,928,154.66666666666666,147.6884107391865,6,60.29354120559773
2021,Summer,Anacapa,Rec Visitors Ashore,2314,385.6666666666667,272.4581925115607,6,111.23059131571875
2021,Summer,Anacapa,Rec Visitors on Boats,24089,4014.8333333333335,3669.555690634312,6,1498.0898374633982
2021,Summer,Isthmus,Overnight Stays,586,97.66666666666667,54.60280823059073,6,22.291503114664817
2021,Summer,Isthmus,Rec Visitors Ashore,5005,834.1666666666667,635.445486778108,6,259.4195336601399
2021,Summer,San Miguel,Overnight Stays,569,94.83333333333333,100.27246215520324,6,40.93606125546413
2021,Summer,San Miguel,Rec Overnight Boats,682,113.66666666666667,73.65233646441006,6,30.06844045026465
2021,Summer,San Miguel,Rec Visitors Ashore,600,100,99.22902801096058,6,40.510081049865434
2021,Summer,San Miguel,Rec Visitors on Boats,4695,782.5,880.211281454629,6,359.3447509008585
2021,Summer,Santa Barbara,Overnight Stays,0,0,0,6,0
2021,Summer,Santa Barbara,Rec Overnight Boats,1776,296,134.69521149617754,6,54.989089826982955
2021,Summer,Santa Barbara,Rec Visitors Ashore,45,7.5,5.75325994545701,6,2.3487585373270425
2021,Summer,Santa Barbara,Rec Visitors on Boats,12442,2073.6666666666665,1074.7220415840864,6,438.753436200536
2021,Summer,Santa Cruz,Overnight Stays,13162,2193.6666666666665,484.8742792380997,6,197.94909558885197
2021,Summer,Santa Cruz,Rec Overnight Boats,3070,511.6666666666667,207.10061966751007,6,84.54847393326769
2021,Summer,Santa Cruz,Rec Visitors Ashore,40067,6677.833333333333,917.8621719336006,6,374.7156625733408
2021,Summer,Santa Cruz,Rec Visitors on Boats,13016,2169.3333333333335,2365.453585819571,6,965.6923825824546
2021,Summer,Santa Rosa,Overnight Stays,2390,398.3333333333333,161.71786130995756,6,66.02104041726227
2021,Summer,Santa Rosa,Rec Overnight Boats,1022,170.33333333333334,72.51114856811101,6,29.60255244250251
2021,Summer,Santa Rosa,Rec Visitors Ashore,4702,783.6666666666666,295.4749848407927,6,120.62715743608946
2021,Summer,Santa Rosa,Rec Visitors on Boats,8831,1471.8333333333333,861.7938075123693,6,351.8258486492682
2021,Winter,Anacapa,Overnight Stays,552,92,145.54724318928203,6,59.41941321375252
2021,Winter,Anacapa,Rec Overnight Boats,472,78.66666666666667,70.90181003801432,6,28.94554273881291
2021,Winter,Anacapa,Rec Visitors Ashore,1123,187.16666666666669,201.62283270172222,6,82.31217676895956
2021,Winter,Anacapa,Rec Visitors on Boats,19233,3205.5,2542.690602491778,6,1038.0490916457984
2021,Winter,Isthmus,Overnight Stays,581,96.83333333333333,82.33933851244294,6,33.61489418563015
2021,Winter,Isthmus,Rec Visitors Ashore,6857,1142.8333333333333,1189.0021726921555,6,485.40810435939136
2021,Winter,San Miguel,Overnight Stays,171,28.5,58.01292959332428,6,23.683679331275087
2021,Winter,San Miguel,Rec Overnight Boats,297,49.5,45.728546882664006,6,18.668601090244195
2021,Winter,San Miguel,Rec Visitors Ashore,349,58.16666666666667,117.61873433542236,6,48.01764721895945
2021,Winter,San Miguel,Rec Visitors on Boats,3308,551.3333333333333,1148.6072725987183,6,468.9169554527871
2021,Winter,Santa Barbara,Overnight Stays,0,0,0,6,0
2021,Winter,Santa Barbara,Rec Overnight Boats,640,106.66666666666666,126.1343199397637,6,51.494120484230486
2021,Winter,Santa Barbara,Rec Visitors Ashore,36,6,8.414273587185052,6,3.435112807463534
2021,Winter,Santa Barbara,Rec Visitors on Boats,8749,1458.1666666666667,1382.3237560957516,6,564.3313102936766
2021,Winter,Santa Cruz,Overnight Stays,986,164.33333333333331,355.3570973917176,6,145.07392751436922
2021,Winter,Santa Cruz,Rec Overnight Boats,696,116,134.82729693945512,6,55.04301348339619
2021,Winter,Santa Cruz,Rec Visitors Ashore,3441,573.5,993.6449567124064,6,405.6538549058791
2021,Winter,Santa Cruz,Rec Visitors on Boats,10619,1769.8333333333335,2872.1480753378064,6,1172.549541715734
2021,Winter,Santa Rosa,Overnight Stays,1270,211.66666666666669,294.76069389704367,6,120.33554937941011
2021,Winter,Santa Rosa,Rec Overnight Boats,434,72.33333333333333,39.64677372330145,6,16.185727594945423
2021,Winter,Santa Rosa,Rec Visitors Ashore,2782,463.66666666666663,679.3928662170855,6,277.36097618646914
2021,Winter,Santa Rosa,Rec Visitors on Boats,3962,660.3333333333333,818.7604452259932,6,334.2575520629431
2022,Summer,Anacapa,Overnight Stays,0,0,0,6,0
2022,Summer,Anacapa,Rec Overnight Boats,928,154.66666666666666,147.6884107391865,6,60.29354120559773
2022,Summer,Anacapa,Rec Visitors Ashore,0,0,0,6,0
2022,Summer,Anacapa,Rec Visitors on Boats,0,0,0,6,0
2022,Summer,Isthmus,Overnight Stays,1823,303.83333333333337,311.5518683408377,6,127.19051764096953
2022,Summer,Isthmus,Rec Visitors Ashore,6140,1023.3333333333334,317.36078312650204,6,129.56199717166726
2022,Summer,San Miguel,Overnight Stays,657,109.5,138.06628842697265,6,56.36532622100222
2022,Summer,San Miguel,Rec Overnight Boats,682,113.66666666666667,73.65233646441006,6,30.06844045026465
2022,Summer,San Miguel,Rec Visitors Ashore,903,150.5,171.19433401838975,6,69.88979420010718
2022,Summer,San Miguel,Rec Visitors on Boats,4407,734.5,684.6767850599289,6,279.5181270210098
2022,Summer,Santa Barbara,Overnight Stays,0,0,0,6,0
2022,Summer,Santa Barbara,Rec Overnight Boats,1776,296,134.69521149617754,6,54.989089826982955
2022,Summer,Santa Barbara,Rec Visitors Ashore,139,23.166666666666668,37.188259796159684,6,15.1820434871082
2022,Summer,Santa Barbara,Rec Visitors on Boats,12749,2124.8333333333335,1102.151970767492,6,449.9516578972062
2022,Summer,Santa Cruz,Overnight Stays,14111,2351.8333333333335,433.6991660894296,6,177.05694313161263
2022,Summer,Santa Cruz,Rec Overnight Boats,3070,511.6666666666667,207.10061966751007,6,84.54847393326769
2022,Summer,Santa Cruz,Rec Visitors Ashore,46046,7674.333333333333,1559.4298530766514,6,636.6345716168561
2022,Summer,Santa Cruz,Rec Visitors on Boats,5196,866,995.62382454419,6,406.4617243152587
2022,Summer,Santa Rosa,Overnight Stays,2978,496.3333333333333,57.94365078821549,6,23.655396377524045
2022,Summer,Santa Rosa,Rec Overnight Boats,1022,170.33333333333334,72.51114856811101,6,29.60255244250251
2022,Summer,Santa Rosa,Rec Visitors Ashore,7582,1263.6666666666667,558.2191923130794,6,227.89203096593306
2022,Summer,Santa Rosa,Rec Visitors on Boats,16995,2832.5,1620.2104492935478,6,661.4481461157784
2022,Winter,Anacapa,Overnight Stays,127,21.166666666666664,31.574778964652573,6,12.890349534093756
2022,Winter,Anacapa,Rec Overnight Boats,472,78.66666666666667,70.90181003801432,6,28.94554273881291
2022,Winter,Anacapa,Rec Visitors Ashore,1161,193.5,130.63651863089433,6,53.33213540321321
2022,Winter,Anacapa,Rec Visitors on Boats,17338,2889.666666666667,2945.981715263465,6,1202.6919989941086
2022,Winter,Isthmus,Overnight Stays,365,60.833333333333336,22.283775861973364,6,9.097313400730522
2022,Winter,Isthmus,Rec Visitors Ashore,2163,360.5,191.05365738451593,6,77.99732901409723
2022,Winter,San Miguel,Overnight Stays,166,27.666666666666664,50.0945772181647,6,20.45102551082572
2022,Winter,San Miguel,Rec Overnight Boats,297,49.5,45.728546882664006,6,18.668601090244195
2022,Winter,San Miguel,Rec Visitors Ashore,229,38.16666666666667,57.10837650175906,6,23.314397078009783
2022,Winter,San Miguel,Rec Visitors on Boats,2271,378.5,485.1996496288925,6,198.08192749466068
2022,Winter,Santa Barbara,Overnight Stays,0,0,0,6,0
2022,Winter,Santa Barbara,Rec Overnight Boats,640,106.66666666666666,126.1343199397637,6,51.494120484230486
2022,Winter,Santa Barbara,Rec Visitors Ashore,26,4.333333333333333,3.8815804341359033,6,1.584648576533962
2022,Winter,Santa Barbara,Rec Visitors on Boats,8199,1366.5,1145.892272423547,6,467.8085612726643
2022,Winter,Santa Cruz,Overnight Stays,7390,1231.6666666666667,626.094774508354,6,255.60212136139336
2022,Winter,Santa Cruz,Rec Overnight Boats,696,116,134.82729693945512,6,55.04301348339619
2022,Winter,Santa Cruz,Rec Visitors Ashore,26598,4433,1682.1790630013204,6,686.746726724392
2022,Winter,Santa Cruz,Rec Visitors on Boats,6810,1135,840.5348297364006,6,343.1469073152198
2022,Winter,Santa Rosa,Overnight Stays,1263,210.5,209.7701122657849,6,85.63828972291931
2022,Winter,Santa Rosa,Rec Overnight Boats,434,72.33333333333333,39.64677372330145,6,16.185727594945423
2022,Winter,Santa Rosa,Rec Visitors Ashore,2778,463,496.12337175343794,6,202.54151837750865
2022,Winter,Santa Rosa,Rec Visitors on Boats,5327,887.8333333333333,882.414509551303,6,360.2442150048276
2023,Summer,Anacapa,Overnight Stays,420,70,42.32729615744431,6,17.28004629623428
2023,Summer,Anacapa,Rec Overnight Boats,928,154.66666666666666,147.6884107391865,6,60.29354120559773
2023,Summer,Anacapa,Rec Visitors Ashore,2922,487,133.02781663997948,6,54.308378727411856
2023,Summer,Anacapa,Rec Visitors on Boats,21084,3514,1278.2511490313632,6,521.8438463755226
2023,Summer,Isthmus,Overnight Stays,797,132.83333333333334,46.110374826785645,6,18.824481695683186
2023,Summer,Isthmus,Rec Visitors Ashore,5283,880.5,372.1509102501296,6,151.92997290418595
2023,Summer,San Miguel,Overnight Stays,583,97.16666666666667,105.734415715351,6,43.16589445898747
2023,Summer,San Miguel,Rec Overnight Boats,682,113.66666666666667,73.65233646441006,6,30.06844045026465
2023,Summer,San Miguel,Rec Visitors Ashore,646,107.66666666666667,100.84377356419516,6,41.16929816150758
2023,Summer,San Miguel,Rec Visitors on Boats,3369,561.5,518.408236817279,6,211.63927644303962
2023,Summer,Santa Barbara,Overnight Stays,0,0,0,6,0
2023,Summer,Santa Barbara,Rec Overnight Boats,1776,296,134.69521149617754,6,54.989089826982955
2023,Summer,Santa Barbara,Rec Visitors Ashore,0,0,0,6,0
2023,Summer,Santa Barbara,Rec Visitors on Boats,0,0,0,6,0
2023,Summer,Santa Cruz,Overnight Stays,12815,2135.8333333333335,518.4571020505618,6,211.65922559099047
2023,Summer,Santa Cruz,Rec Overnight Boats,3070,511.6666666666667,207.10061966751007,6,84.54847393326769
2023,Summer,Santa Cruz,Rec Visitors Ashore,44646,7441,1642.61888458644,6,670.5963515160716
2023,Summer,Santa Cruz,Rec Visitors on Boats,8018,1336.3333333333333,798.6202268078781,6,326.0353423241788
2023,Summer,Santa Rosa,Overnight Stays,3037,506.1666666666667,177.40621935734572,6,72.42578577029347
2023,Summer,Santa Rosa,Rec Overnight Boats,1022,170.33333333333334,72.51114856811101,6,29.60255244250251
2023,Summer,Santa Rosa,Rec Visitors Ashore,5783,963.8333333333334,278.3698379254956,6,113.6440104497862
2023,Summer,Santa Rosa,Rec Visitors on Boats,11685,1947.5,888.0039977387489,6,362.52611400192035
2023,Winter,Anacapa,Overnight Stays,71,11.833333333333332,17.645584905767976,6,7.203779872014722
2023,Winter,Anacapa,Rec Overnight Boats,472,78.66666666666667,70.90181003801432,6,28.94554273881291
2023,Winter,Anacapa,Rec Visitors Ashore,1073,178.83333333333334,115.15800739274133,6,47.01305965131155
2023,Winter,Anacapa,Rec Visitors on Boats,12040,2006.6666666666665,1823.4165367975213,6,744.4066839511257
2023,Winter,Isthmus,Overnight Stays,451,75.16666666666666,81.44793838193,6,33.250981606228976
2023,Winter,Isthmus,Rec Visitors Ashore,2276,379.3333333333333,296.0747653324522,6,120.87201679646304
2023,Winter,San Miguel,Overnight Stays,118,19.666666666666664,39.20034013457876,6,16.00347184554374
2023,Winter,San Miguel,Rec Overnight Boats,297,49.5,45.728546882664006,6,18.668601090244195
2023,Winter,San Miguel,Rec Visitors Ashore,490,81.66666666666666,115.28862331846395,6,47.06638337969517
2023,Winter,San Miguel,Rec Visitors on Boats,2696,449.33333333333337,769.8453524355828,6,314.2880490533768
2023,Winter,Santa Barbara,Overnight Stays,0,0,0,6,0
2023,Winter,Santa Barbara,Rec Overnight Boats,640,106.66666666666666,126.1343199397637,6,51.494120484230486
2023,Winter,Santa Barbara,Rec Visitors Ashore,18,3,5.059644256269407,6,2.0655911179772892
2023,Winter,Santa Barbara,Rec Visitors on Boats,6720,1120,1351.2398750777006,6,551.6413690070751
2023,Winter,Santa Cruz,Overnight Stays,4350,725,592.4629946249808,6,241.87200471874928
2023,Winter,Santa Cruz,Rec Overnight Boats,696,116,134.82729693945512,6,55.04301348339619
2023,Winter,Santa Cruz,Rec Visitors Ashore,22967,3827.8333333333335,1797.7107016054242,6,733.9123206790063
2023,Winter,Santa Cruz,Rec Visitors on Boats,3417,569.5,377.8606886142034,6,154.26098016024662
2023,Winter,Santa Rosa,Overnight Stays,1106,184.33333333333334,164.2847122122648,6,67.06895291000482
2023,Winter,Santa Rosa,Rec Overnight Boats,434,72.33333333333333,39.64677372330145,6,16.185727594945423
2023,Winter,Santa Rosa,Rec Visitors Ashore,2303,383.83333333333337,506.7391505169762,6,206.87539190966572
2023,Winter,Santa Rosa,Rec Visitors on Boats,11644,1940.6666666666665,3454.313226484632,6,1410.2174694390621
2024,Summer,Anacapa,Overnight Stays,1141,190.16666666666666,86.84104252406615,6,35.45270715254964
2024,Summer,Anacapa,Rec Overnight Boats,928,154.66666666666666,147.6884107391865,6,60.29354120559773
2024,Summer,Anacapa,Rec Visitors Ashore,3884,647.3333333333334,242.2326705187941,6,98.8910736337939
2024,Summer,Anacapa,Rec Visitors on Boats,541,90.16666666666666,178.35965537830205,6,72.81502439591557
2024,Summer,Isthmus,Overnight Stays,1680,280,22.645087767549057,6,9.24481836850604
2024,Summer,Isthmus,Rec Visitors Ashore,3076,512.6666666666666,187.14664481808555,6,76.4022978130312
2024,Summer,San Miguel,Overnight Stays,0,0,0,6,0
2024,Summer,San Miguel,Rec Overnight Boats,682,113.66666666666667,73.65233646441006,6,30.06844045026465
2024,Summer,San Miguel,Rec Visitors Ashore,0,0,0,6,0
2024,Summer,San Miguel,Rec Visitors on Boats,270,45,110.22703842524301,6,45
2024,Summer,Santa Barbara,Overnight Stays,0,0,0,6,0
2024,Summer,Santa Barbara,Rec Overnight Boats,1776,296,134.69521149617754,6,54.989089826982955
2024,Summer,Santa Barbara,Rec Visitors Ashore,0,0,0,6,0
2024,Summer,Santa Barbara,Rec Visitors on Boats,0,0,0,6,0
2024,Summer,Santa Cruz,Overnight Stays,26262,4377,659.9330269050034,6,269.4165300546102
2024,Summer,Santa Cruz,Rec Overnight Boats,3070,511.6666666666667,207.10061966751007,6,84.54847393326769
2024,Summer,Santa Cruz,Rec Visitors Ashore,36313,6052.166666666667,1952.6703169420757,6,797.1743187311321
2024,Summer,Santa Cruz,Rec Visitors on Boats,5334,889,592.4602940282159,6,241.8709022047368
2024,Summer,Santa Rosa,Overnight Stays,6502,1083.6666666666667,276.53185470514364,6,112.89365694217626
2024,Summer,Santa Rosa,Rec Overnight Boats,1022,170.33333333333334,72.51114856811101,6,29.60255244250251
2024,Summer,Santa Rosa,Rec Visitors Ashore,3635,605.8333333333334,144.26283882783767,6,58.89505732892853
2024,Summer,Santa Rosa,Rec Visitors on Boats,0,0,0,6,0
2024,Winter,Anacapa,Overnight Stays,213,35.5,38.4434649843117,6,15.694478859352632
2024,Winter,Anacapa,Rec Overnight Boats,472,78.66666666666667,70.90181003801432,6,28.94554273881291
2024,Winter,Anacapa,Rec Visitors Ashore,990,165,92.63260764979036,6,37.81710371423668
2024,Winter,Anacapa,Rec Visitors on Boats,12229,2038.1666666666665,2793.308032900537,6,1140.3632291706203
2024,Winter,Isthmus,Overnight Stays,859,143.16666666666666,80.04352982388187,6,32.67763421329301
2024,Winter,Isthmus,Rec Visitors Ashore,2965,494.16666666666663,368.83569060852375,6,150.57654015298812
2024,Winter,San Miguel,Overnight Stays,0,0,0,6,0
2024,Winter,San Miguel,Rec Overnight Boats,297,49.5,45.728546882664006,6,18.668601090244195
2024,Winter,San Miguel,Rec Visitors Ashore,0,0,0,6,0
2024,Winter,San Miguel,Rec Visitors on Boats,0,0,0,6,0
2024,Winter,Santa Barbara,Overnight Stays,0,0,0,6,0
2024,Winter,Santa Barbara,Rec Overnight Boats,640,106.66666666666666,126.1343199397637,6,51.494120484230486
2024,Winter,Santa Barbara,Rec Visitors Ashore,0,0,0,6,0
2024,Winter,Santa Barbara,Rec Visitors on Boats,0,0,0,6,0
2024,Winter,Santa Cruz,Overnight Stays,7907,1317.8333333333333,1027.5612714902536,6,419.5001324327695
2024,Winter,Santa Cruz,Rec Overnight Boats,696,116,134.82729693945512,6,55.04301348339619
2024,Winter,Santa Cruz,Rec Visitors Ashore,18760,3126.6666666666665,1039.001379530685,6,424.1705369829975
2024,Winter,Santa Cruz,Rec Visitors on Boats,6289,1048.1666666666667,1021.1580517562728,6,416.88602892290737
2024,Winter,Santa Rosa,Overnight Stays,1526,254.33333333333331,306.41453403301006,6,125.09320969225755
2024,Winter,Santa Rosa,Rec Overnight Boats,434,72.33333333333333,39.64677372330145,6,16.185727594945423
2024,Winter,Santa Rosa,Rec Visitors Ashore,2159,359.83333333333337,440.3990993027423,6,179.7921794121696
2024,Winter,Santa Rosa,Rec Visitors on Boats,5131,855.1666666666667,1420.8620505406802,6,580.0645031182116
2025,Summer,Anacapa,Overnight Stays,1303,217.16666666666666,66.91910539350229,6,27.31961037626839
2025,Summer,Anacapa,Rec Overnight Boats,928,154.66666666666666,147.6884107391865,6,60.29354120559773
2025,Summer,Anacapa,Rec Visitors Ashore,5630,938.3333333333334,253.3824513786751,6,103.44295260888701
2025,Summer,Anacapa,Rec Visitors on Boats,170,28.333333333333332,34.115490127897424,6,13.92759052305092
2025,Summer,Isthmus,Overnight Stays,1772,295.3333333333333,49.330180079406425,6,20.138961685692184
2025,Summer,Isthmus,Rec Visitors Ashore,2140,356.6666666666667,95.05717577682742,6,38.80692950721273
2025,Summer,San Miguel,Overnight Stays,679,113.16666666666666,110.61359169047294,6,45.15780970970334
2025,Summer,San Miguel,Rec Overnight Boats,682,113.66666666666667,73.65233646441006,6,30.06844045026465
2025,Summer,San Miguel,Rec Visitors Ashore,142,23.666666666666668,25.958941940430982,6,10.597693669431624
2025,Summer,San Miguel,Rec Visitors on Boats,230,38.33333333333333,93.8971068066885,6,38.333333333333336
2025,Summer,Santa Barbara,Overnight Stays,62,10.333333333333334,9.500877152487904,6,3.878716855410362
2025,Summer,Santa Barbara,Rec Overnight Boats,1776,296,134.69521149617754,6,54.989089826982955
2025,Summer,Santa Barbara,Rec Visitors Ashore,65,10.833333333333332,16.785906787143393,6,6.852817749737046
2025,Summer,Santa Barbara,Rec Visitors on Boats,0,0,0,6,0
2025,Summer,Santa Cruz,Overnight Stays,27370,4561.666666666667,386.5983272941913,6,157.8281062140426
2025,Summer,Santa Cruz,Rec Overnight Boats,3070,511.6666666666667,207.10061966751007,6,84.54847393326769
2025,Summer,Santa Cruz,Rec Visitors Ashore,47240,7873.333333333333,917.020537756198,6,374.37206685922024
2025,Summer,Santa Cruz,Rec Visitors on Boats,1486,247.66666666666666,97.94624375986383,6,39.98638657232122
2025,Summer,Santa Rosa,Overnight Stays,6580,1096.6666666666667,160.2606210728845,6,65.42612458168205
2025,Summer,Santa Rosa,Rec Overnight Boats,1022,170.33333333333334,72.51114856811101,6,29.60255244250251
2025,Summer,Santa Rosa,Rec Visitors Ashore,4398,733,138.85099927620254,6,56.685683083708774
2025,Summer,Santa Rosa,Rec Visitors on Boats,948,158,50.651752190817646,6,20.678491240900534
2025,Winter,Anacapa,Overnight Stays,370,61.66666666666667,58.58554998177167,6,23.917450625943488
2025,Winter,Anacapa,Rec Overnight Boats,472,78.66666666666667,70.90181003801432,6,28.94554273881291
2025,Winter,Anacapa,Rec Visitors Ashore,1432,238.66666666666669,178.00524336846559,6,72.67033629877997
2025,Winter,Anacapa,Rec Visitors on Boats,2056,342.66666666666663,756.2078197603267,6,308.7205496525585
2025,Winter,Isthmus,Overnight Stays,1323,220.5,43.38548144252867,6,17.712048629863986
2025,Winter,Isthmus,Rec Visitors Ashore,1593,265.5,187.16276339058473,6,76.40887819269871
2025,Winter,San Miguel,Overnight Stays,21,3.5,8.573214099741124,6,3.5000000000000004
2025,Winter,San Miguel,Rec Overnight Boats,297,49.5,45.728546882664006,6,18.668601090244195
2025,Winter,San Miguel,Rec Visitors Ashore,72,12,29.393876913398138,6,12.000000000000002
2025,Winter,San Miguel,Rec Visitors on Boats,0,0,0,6,0
2025,Winter,Santa Barbara,Overnight Stays,24,4,8.854377448471462,6,3.614784456460256
2025,Winter,Santa Barbara,Rec Overnight Boats,640,106.66666666666666,126.1343199397637,6,51.494120484230486
2025,Winter,Santa Barbara,Rec Visitors Ashore,0,0,0,6,0
2025,Winter,Santa Barbara,Rec Visitors on Boats,0,0,0,6,0
2025,Winter,Santa Cruz,Overnight Stays,13143,2190.5,1217.9015970102018,6,497.2062449326236
2025,Winter,Santa Cruz,Rec Overnight Boats,696,116,134.82729693945512,6,55.04301348339619
2025,Winter,Santa Cruz,Rec Visitors Ashore,22190,3698.3333333333335,1223.4493314668437,6,499.47109804049506
2025,Winter,Santa Cruz,Rec Visitors on Boats,283,47.16666666666667,65.25156447677455,6,26.638839647735743
2025,Winter,Santa Rosa,Overnight Stays,2157,359.5,382.5769203702701,6,156.18637371209223
2025,Winter,Santa Rosa,Rec Overnight Boats,434,72.33333333333333,39.64677372330145,6,16.185727594945423
2025,Winter,Santa Rosa,Rec Visitors Ashore,1498,249.66666666666669,255.11618268284485,6,104.150745449938
2025,Winter,Santa Rosa,Rec Visitors on Boats,5916,986,2125.4222168783313,6,867.6999865544927
