year,month,island,Rec Visitors Ashore,Overnight Stays,Rec Overnight Boats,Rec Visitors on Boats,date
1995,1,Anacapa,128,0,NA,NA,1995-01-01
1995,1,Santa Barbara,3,0,NA,NA,1995-01-01
1995,1,San Miguel,0,0,NA,NA,1995-01-01
1995,1,Santa Cruz,153,0,NA,NA,1995-01-01
1995,1,Isthmus,0,0,NA,NA,1995-01-01
1995,1,Santa Rosa,6,0,NA,NA,1995-01-01
1995,2,Anacapa,658,10,NA,NA,1995-02-01
1995,2,Santa Barbara,44,0,NA,NA,1995-02-01
1995,2,San Miguel,26,6,NA,NA,1995-02-01
1995,2,Santa Cruz,506,82,NA,NA,1995-02-01
1995,2,Isthmus,0,0,NA,NA,1995-02-01
1995,2,Santa Rosa,10,10,NA,NA,1995-02-01
1995,3,Anacapa,1241,114,NA,NA,1995-03-01
1995,3,Santa Barbara,20,0,NA,NA,1995-03-01
1995,3,San Miguel,0,0,NA,NA,1995-03-01
1995,3,Santa Cruz,261,0,NA,NA,1995-03-01
1995,3,Isthmus,0,0,NA,NA,1995-03-01
1995,3,Santa Rosa,64,59,NA,NA,1995-03-01
1995,4,Anacapa,1507,161,NA,NA,1995-04-01
1995,4,Santa Barbara,108,17,NA,NA,1995-04-01
1995,4,San Miguel,138,52,NA,NA,1995-04-01
1995,4,Santa Cruz,519,205,NA,NA,1995-04-01
1995,4,Isthmus,0,0,NA,NA,1995-04-01
1995,4,Santa Rosa,377,236,NA,NA,1995-04-01
1995,5,Anacapa,1798,91,NA,NA,1995-05-01
1995,5,Santa Barbara,83,4,NA,NA,1995-05-01
1995,5,San Miguel,185,60,NA,NA,1995-05-01
1995,5,Santa Cruz,1290,286,NA,NA,1995-05-01
1995,5,Isthmus,0,0,NA,NA,1995-05-01
1995,5,Santa Rosa,228,109,NA,NA,1995-05-01
1995,6,Anacapa,1748,129,NA,NA,1995-06-01
1995,6,Santa Barbara,202,124,NA,NA,1995-06-01
1995,6,San Miguel,145,48,NA,NA,1995-06-01
1995,6,Santa Cruz,997,273,NA,NA,1995-06-01
1995,6,Isthmus,0,0,NA,NA,1995-06-01
1995,6,Santa Rosa,134,67,NA,NA,1995-06-01
1995,7,Anacapa,2447,182,NA,NA,1995-07-01
1995,7,Santa Barbara,338,64,NA,NA,1995-07-01
1995,7,San Miguel,269,122,NA,NA,1995-07-01
1995,7,Santa Cruz,1528,280,NA,NA,1995-07-01
1995,7,Isthmus,0,0,NA,NA,1995-07-01
1995,7,Santa Rosa,623,417,NA,NA,1995-07-01
1995,8,Anacapa,2383,240,NA,NA,1995-08-01
1995,8,Santa Barbara,381,76,NA,NA,1995-08-01
1995,8,San Miguel,287,142,NA,NA,1995-08-01
1995,8,Santa Cruz,1360,370,NA,NA,1995-08-01
1995,8,Isthmus,0,0,NA,NA,1995-08-01
1995,8,Santa Rosa,418,108,NA,NA,1995-08-01
1995,9,Anacapa,1120,129,NA,NA,1995-09-01
1995,9,Santa Barbara,209,56,NA,NA,1995-09-01
1995,9,San Miguel,271,82,NA,NA,1995-09-01
1995,9,Santa Cruz,1060,264,NA,NA,1995-09-01
1995,9,Isthmus,0,0,NA,NA,1995-09-01
1995,9,Santa Rosa,331,206,NA,NA,1995-09-01
1995,10,Anacapa,901,135,NA,NA,1995-10-01
1995,10,Santa Barbara,67,12,NA,NA,1995-10-01
1995,10,San Miguel,183,71,NA,NA,1995-10-01
1995,10,Santa Cruz,0,0,NA,NA,1995-10-01
1995,10,Isthmus,0,0,NA,NA,1995-10-01
1995,10,Santa Rosa,192,85,NA,NA,1995-10-01
1995,11,Anacapa,842,45,NA,NA,1995-11-01
1995,11,Santa Barbara,40,0,NA,NA,1995-11-01
1995,11,San Miguel,31,0,NA,NA,1995-11-01
1995,11,Santa Cruz,0,0,NA,NA,1995-11-01
1995,11,Isthmus,0,0,NA,NA,1995-11-01
1995,11,Santa Rosa,35,27,NA,NA,1995-11-01
1995,12,Anacapa,78,0,NA,NA,1995-12-01
1995,12,Santa Barbara,0,0,NA,NA,1995-12-01
1995,12,San Miguel,0,0,NA,NA,1995-12-01
1995,12,Santa Cruz,0,0,NA,NA,1995-12-01
1995,12,Isthmus,0,0,NA,NA,1995-12-01
1995,12,Santa Rosa,18,2,NA,NA,1995-12-01
1996,1,Anacapa,396,17,NA,NA,1996-01-01
1996,1,Santa Barbara,38,0,NA,NA,1996-01-01
1996,1,San Miguel,128,0,NA,NA,1996-01-01
1996,1,Santa Cruz,153,0,NA,NA,1996-01-01
1996,1,Isthmus,0,0,NA,NA,1996-01-01
1996,1,Santa Rosa,9,0,NA,NA,1996-01-01
1996,2,Anacapa,667,8,NA,NA,1996-02-01
1996,2,Santa Barbara,16,0,NA,NA,1996-02-01
1996,2,San Miguel,0,0,NA,NA,1996-02-01
1996,2,Santa Cruz,506,82,NA,NA,1996-02-01
1996,2,Isthmus,0,0,NA,NA,1996-02-01
1996,2,Santa Rosa,0,0,NA,NA,1996-02-01
1996,3,Anacapa,2004,109,NA,NA,1996-03-01
1996,3,Santa Barbara,50,5,NA,NA,1996-03-01
1996,3,San Miguel,22,0,NA,NA,1996-03-01
1996,3,Santa Cruz,261,0,NA,NA,1996-03-01
1996,3,Isthmus,0,0,NA,NA,1996-03-01
1996,3,Santa Rosa,113,99,NA,NA,1996-03-01
1996,4,Anacapa,1551,65,NA,NA,1996-04-01
1996,4,Santa Barbara,23,4,NA,NA,1996-04-01
1996,4,San Miguel,61,0,NA,NA,1996-04-01
1996,4,Santa Cruz,519,205,NA,NA,1996-04-01
1996,4,Isthmus,0,0,NA,NA,1996-04-01
1996,4,Santa Rosa,216,111,NA,NA,1996-04-01
1996,5,Anacapa,1867,153,NA,NA,1996-05-01
1996,5,Santa Barbara,55,0,NA,NA,1996-05-01
1996,5,San Miguel,10,36,NA,NA,1996-05-01
1996,5,Santa Cruz,1290,286,NA,NA,1996-05-01
1996,5,Isthmus,0,0,NA,NA,1996-05-01
1996,5,Santa Rosa,198,116,NA,NA,1996-05-01
1996,6,Anacapa,1837,104,NA,NA,1996-06-01
1996,6,Santa Barbara,185,100,NA,NA,1996-06-01
1996,6,San Miguel,51,10,NA,NA,1996-06-01
1996,6,Santa Cruz,997,273,NA,NA,1996-06-01
1996,6,Isthmus,0,0,NA,NA,1996-06-01
1996,6,Santa Rosa,102,43,NA,NA,1996-06-01
1996,7,Anacapa,2469,160,NA,NA,1996-07-01
1996,7,Santa Barbara,376,140,NA,NA,1996-07-01
1996,7,San Miguel,188,82,NA,NA,1996-07-01
1996,7,Santa Cruz,1528,280,NA,NA,1996-07-01
1996,7,Isthmus,0,0,NA,NA,1996-07-01
1996,7,Santa Rosa,599,343,NA,NA,1996-07-01
1996,8,Anacapa,2189,234,NA,NA,1996-08-01
1996,8,Santa Barbara,363,154,NA,NA,1996-08-01
1996,8,San Miguel,162,16,NA,NA,1996-08-01
1996,8,Santa Cruz,1360,370,NA,NA,1996-08-01
1996,8,Isthmus,0,0,NA,NA,1996-08-01
1996,8,Santa Rosa,755,560,NA,NA,1996-08-01
1996,9,Anacapa,1383,106,NA,NA,1996-09-01
1996,9,Santa Barbara,110,37,NA,NA,1996-09-01
1996,9,San Miguel,180,30,NA,NA,1996-09-01
1996,9,Santa Cruz,1060,264,NA,NA,1996-09-01
1996,9,Isthmus,0,0,NA,NA,1996-09-01
1996,9,Santa Rosa,223,115,NA,NA,1996-09-01
1996,10,Anacapa,696,62,NA,NA,1996-10-01
1996,10,Santa Barbara,105,30,NA,NA,1996-10-01
1996,10,San Miguel,81,68,NA,NA,1996-10-01
1996,10,Santa Cruz,721,276,NA,NA,1996-10-01
1996,10,Isthmus,0,0,NA,NA,1996-10-01
1996,10,Santa Rosa,251,194,NA,NA,1996-10-01
1996,11,Anacapa,580,70,NA,NA,1996-11-01
1996,11,Santa Barbara,22,0,NA,NA,1996-11-01
1996,11,San Miguel,62,0,NA,NA,1996-11-01
1996,11,Santa Cruz,749,230,NA,NA,1996-11-01
1996,11,Isthmus,0,0,NA,NA,1996-11-01
1996,11,Santa Rosa,235,140,NA,NA,1996-11-01
1996,12,Anacapa,495,13,NA,NA,1996-12-01
1996,12,Santa Barbara,0,0,NA,NA,1996-12-01
1996,12,San Miguel,0,0,NA,NA,1996-12-01
1996,12,Santa Cruz,358,186,NA,NA,1996-12-01
1996,12,Isthmus,0,0,NA,NA,1996-12-01
1996,12,Santa Rosa,0,0,NA,NA,1996-12-01
1997,1,Anacapa,673,33,NA,NA,1997-01-01
1997,1,Santa Barbara,8,0,NA,NA,1997-01-01
1997,1,San Miguel,0,0,NA,NA,1997-01-01
1997,1,Santa Cruz,529,148,NA,NA,1997-01-01
1997,1,Isthmus,0,0,NA,NA,1997-01-01
1997,1,Santa Rosa,10,0,NA,NA,1997-01-01
1997,2,Anacapa,824,5,NA,NA,1997-02-01
1997,2,Santa Barbara,0,0,NA,NA,1997-02-01
1997,2,San Miguel,0,0,NA,NA,1997-02-01
1997,2,Santa Cruz,960,180,NA,NA,1997-02-01
1997,2,Isthmus,0,0,NA,NA,1997-02-01
1997,2,Santa Rosa,44,0,NA,NA,1997-02-01
1997,3,Anacapa,2231,158,NA,NA,1997-03-01
1997,3,Santa Barbara,49,0,NA,NA,1997-03-01
1997,3,San Miguel,0,0,NA,NA,1997-03-01
1997,3,Santa Cruz,1112,572,NA,NA,1997-03-01
1997,3,Isthmus,0,0,NA,NA,1997-03-01
1997,3,Santa Rosa,91,32,NA,NA,1997-03-01
1997,4,Anacapa,1587,44,NA,NA,1997-04-01
1997,4,Santa Barbara,93,134,NA,NA,1997-04-01
1997,4,San Miguel,62,27,NA,NA,1997-04-01
1997,4,Santa Cruz,1008,293,NA,NA,1997-04-01
1997,4,Isthmus,0,0,NA,NA,1997-04-01
1997,4,Santa Rosa,189,79,NA,NA,1997-04-01
1997,5,Anacapa,2145,98,NA,NA,1997-05-01
1997,5,Santa Barbara,88,15,NA,NA,1997-05-01
1997,5,San Miguel,156,45,NA,NA,1997-05-01
1997,5,Santa Cruz,2072,675,NA,NA,1997-05-01
1997,5,Isthmus,0,0,NA,NA,1997-05-01
1997,5,Santa Rosa,323,231,NA,NA,1997-05-01
1997,6,Anacapa,1367,118,NA,NA,1997-06-01
1997,6,Santa Barbara,183,124,NA,NA,1997-06-01
1997,6,San Miguel,82,22,NA,NA,1997-06-01
1997,6,Santa Cruz,1321,575,NA,NA,1997-06-01
1997,6,Isthmus,0,0,NA,NA,1997-06-01
1997,6,Santa Rosa,102,20,NA,NA,1997-06-01
1997,7,Anacapa,2300,136,NA,NA,1997-07-01
1997,7,Santa Barbara,192,42,NA,NA,1997-07-01
1997,7,San Miguel,128,46,NA,NA,1997-07-01
1997,7,Santa Cruz,2405,968,NA,NA,1997-07-01
1997,7,Isthmus,0,0,NA,NA,1997-07-01
1997,7,Santa Rosa,261,180,NA,NA,1997-07-01
1997,8,Anacapa,2714,194,NA,NA,1997-08-01
1997,8,Santa Barbara,96,45,NA,NA,1997-08-01
1997,8,San Miguel,169,60,NA,NA,1997-08-01
1997,8,Santa Cruz,2520,1248,NA,NA,1997-08-01
1997,8,Isthmus,0,0,NA,NA,1997-08-01
1997,8,Santa Rosa,480,257,NA,NA,1997-08-01
1997,9,Anacapa,1153,114,NA,NA,1997-09-01
1997,9,Santa Barbara,0,0,NA,NA,1997-09-01
1997,9,San Miguel,147,15,NA,NA,1997-09-01
1997,9,Santa Cruz,1971,880,NA,NA,1997-09-01
1997,9,Isthmus,0,0,NA,NA,1997-09-01
1997,9,Santa Rosa,275,74,NA,NA,1997-09-01
1997,10,Anacapa,558,82,NA,NA,1997-10-01
1997,10,Santa Barbara,0,0,NA,NA,1997-10-01
1997,10,San Miguel,55,12,NA,NA,1997-10-01
1997,10,Santa Cruz,1150,620,NA,NA,1997-10-01
1997,10,Isthmus,0,0,NA,NA,1997-10-01
1997,10,Santa Rosa,335,205,NA,NA,1997-10-01
1997,11,Anacapa,608,27,NA,NA,1997-11-01
1997,11,Santa Barbara,0,0,NA,NA,1997-11-01
1997,11,San Miguel,0,8,NA,NA,1997-11-01
1997,11,Santa Cruz,914,401,NA,NA,1997-11-01
1997,11,Isthmus,0,0,NA,NA,1997-11-01
1997,11,Santa Rosa,42,16,NA,NA,1997-11-01
1997,12,Anacapa,312,14,NA,NA,1997-12-01
1997,12,Santa Barbara,0,0,NA,NA,1997-12-01
1997,12,San Miguel,0,0,NA,NA,1997-12-01
1997,12,Santa Cruz,220,15,NA,NA,1997-12-01
1997,12,Isthmus,0,0,NA,NA,1997-12-01
1997,12,Santa Rosa,0,0,NA,NA,1997-12-01
1998,1,Anacapa,547,4,NA,NA,1998-01-01
1998,1,Santa Barbara,4,0,NA,NA,1998-01-01
1998,1,San Miguel,0,0,NA,NA,1998-01-01
1998,1,Santa Cruz,241,0,NA,NA,1998-01-01
1998,1,Isthmus,0,0,NA,NA,1998-01-01
1998,1,Santa Rosa,0,0,NA,NA,1998-01-01
1998,2,Anacapa,339,1,NA,NA,1998-02-01
1998,2,Santa Barbara,0,0,NA,NA,1998-02-01
1998,2,San Miguel,0,0,NA,NA,1998-02-01
1998,2,Santa Cruz,51,0,NA,NA,1998-02-01
1998,2,Isthmus,0,0,NA,NA,1998-02-01
1998,2,Santa Rosa,0,0,NA,NA,1998-02-01
1998,3,Anacapa,1899,63,NA,NA,1998-03-01
1998,3,Santa Barbara,0,0,NA,NA,1998-03-01
1998,3,San Miguel,0,0,NA,NA,1998-03-01
1998,3,Santa Cruz,818,0,NA,NA,1998-03-01
1998,3,Isthmus,0,0,NA,NA,1998-03-01
1998,3,Santa Rosa,16,85,NA,NA,1998-03-01
1998,4,Anacapa,1620,72,NA,NA,1998-04-01
1998,4,Santa Barbara,43,18,NA,NA,1998-04-01
1998,4,San Miguel,44,10,NA,NA,1998-04-01
1998,4,Santa Cruz,603,33,NA,NA,1998-04-01
1998,4,Isthmus,0,0,NA,NA,1998-04-01
1998,4,Santa Rosa,173,78,NA,NA,1998-04-01
1998,5,Anacapa,2197,106,NA,NA,1998-05-01
1998,5,Santa Barbara,34,0,NA,NA,1998-05-01
1998,5,San Miguel,101,63,NA,NA,1998-05-01
1998,5,Santa Cruz,1580,325,NA,NA,1998-05-01
1998,5,Isthmus,0,0,NA,NA,1998-05-01
1998,5,Santa Rosa,821,683,NA,NA,1998-05-01
1998,6,Anacapa,1897,127,NA,NA,1998-06-01
1998,6,Santa Barbara,312,214,NA,NA,1998-06-01
1998,6,San Miguel,111,32,NA,NA,1998-06-01
1998,6,Santa Cruz,2342,917,NA,NA,1998-06-01
1998,6,Isthmus,0,0,NA,NA,1998-06-01
1998,6,Santa Rosa,431,197,NA,NA,1998-06-01
1998,7,Anacapa,2392,152,NA,NA,1998-07-01
1998,7,Santa Barbara,160,54,NA,NA,1998-07-01
1998,7,San Miguel,252,89,NA,NA,1998-07-01
1998,7,Santa Cruz,2719,953,NA,NA,1998-07-01
1998,7,Isthmus,0,0,NA,NA,1998-07-01
1998,7,Santa Rosa,575,342,NA,NA,1998-07-01
1998,8,Anacapa,2384,182,NA,NA,1998-08-01
1998,8,Santa Barbara,374,207,NA,NA,1998-08-01
1998,8,San Miguel,102,102,NA,NA,1998-08-01
1998,8,Santa Cruz,2733,1372,NA,NA,1998-08-01
1998,8,Isthmus,0,0,NA,NA,1998-08-01
1998,8,Santa Rosa,486,257,NA,NA,1998-08-01
1998,9,Anacapa,1250,117,NA,NA,1998-09-01
1998,9,Santa Barbara,110,24,NA,NA,1998-09-01
1998,9,San Miguel,245,12,NA,NA,1998-09-01
1998,9,Santa Cruz,2845,788,NA,NA,1998-09-01
1998,9,Isthmus,0,0,NA,NA,1998-09-01
1998,9,Santa Rosa,632,140,NA,NA,1998-09-01
1998,10,Anacapa,1287,51,NA,NA,1998-10-01
1998,10,Santa Barbara,95,62,NA,NA,1998-10-01
1998,10,San Miguel,214,111,NA,NA,1998-10-01
1998,10,Santa Cruz,1508,617,NA,NA,1998-10-01
1998,10,Isthmus,0,0,NA,NA,1998-10-01
1998,10,Santa Rosa,273,126,NA,NA,1998-10-01
1998,11,Anacapa,769,13,NA,NA,1998-11-01
1998,11,Santa Barbara,12,0,NA,NA,1998-11-01
1998,11,San Miguel,12,0,NA,NA,1998-11-01
1998,11,Santa Cruz,768,292,NA,NA,1998-11-01
1998,11,Isthmus,0,0,NA,NA,1998-11-01
1998,11,Santa Rosa,119,98,NA,NA,1998-11-01
1998,12,Anacapa,467,9,NA,NA,1998-12-01
1998,12,Santa Barbara,0,0,NA,NA,1998-12-01
1998,12,San Miguel,0,0,NA,NA,1998-12-01
1998,12,Santa Cruz,187,59,NA,NA,1998-12-01
1998,12,Isthmus,0,0,NA,NA,1998-12-01
1998,12,Santa Rosa,0,0,NA,NA,1998-12-01
1999,1,Anacapa,495,9,NA,NA,1999-01-01
1999,1,Santa Barbara,0,0,NA,NA,1999-01-01
1999,1,San Miguel,0,0,NA,NA,1999-01-01
1999,1,Santa Cruz,310,56,NA,NA,1999-01-01
1999,1,Isthmus,0,0,NA,NA,1999-01-01
1999,1,Santa Rosa,22,0,NA,NA,1999-01-01
1999,2,Anacapa,590,1,NA,NA,1999-02-01
1999,2,Santa Barbara,0,138,NA,NA,1999-02-01
1999,2,San Miguel,0,0,NA,NA,1999-02-01
1999,2,Santa Cruz,534,138,NA,NA,1999-02-01
1999,2,Isthmus,0,0,NA,NA,1999-02-01
1999,2,Santa Rosa,24,0,NA,NA,1999-02-01
1999,3,Anacapa,1622,12,NA,NA,1999-03-01
1999,3,Santa Barbara,2,0,NA,NA,1999-03-01
1999,3,San Miguel,45,0,NA,NA,1999-03-01
1999,3,Santa Cruz,731,241,NA,NA,1999-03-01
1999,3,Isthmus,0,0,NA,NA,1999-03-01
1999,3,Santa Rosa,66,16,NA,NA,1999-03-01
1999,4,Anacapa,1910,39,NA,NA,1999-04-01
1999,4,Santa Barbara,15,0,NA,NA,1999-04-01
1999,4,San Miguel,25,0,NA,NA,1999-04-01
1999,4,Santa Cruz,1457,439,NA,NA,1999-04-01
1999,4,Isthmus,0,0,NA,NA,1999-04-01
1999,4,Santa Rosa,182,125,NA,NA,1999-04-01
1999,5,Anacapa,2352,65,NA,NA,1999-05-01
1999,5,Santa Barbara,71,0,NA,NA,1999-05-01
1999,5,San Miguel,166,63,NA,NA,1999-05-01
1999,5,Santa Cruz,3418,846,NA,NA,1999-05-01
1999,5,Isthmus,0,0,NA,NA,1999-05-01
1999,5,Santa Rosa,498,169,NA,NA,1999-05-01
1999,6,Anacapa,1727,89,NA,NA,1999-06-01
1999,6,Santa Barbara,230,150,NA,NA,1999-06-01
1999,6,San Miguel,87,28,NA,NA,1999-06-01
1999,6,Santa Cruz,1292,360,NA,NA,1999-06-01
1999,6,Isthmus,0,0,NA,NA,1999-06-01
1999,6,Santa Rosa,385,210,NA,NA,1999-06-01
1999,7,Anacapa,2341,139,NA,NA,1999-07-01
1999,7,Santa Barbara,235,0,NA,NA,1999-07-01
1999,7,San Miguel,132,54,NA,NA,1999-07-01
1999,7,Santa Cruz,2379,1092,NA,NA,1999-07-01
1999,7,Isthmus,0,0,NA,NA,1999-07-01
1999,7,Santa Rosa,304,131,NA,NA,1999-07-01
1999,8,Anacapa,2498,161,NA,NA,1999-08-01
1999,8,Santa Barbara,239,51,NA,NA,1999-08-01
1999,8,San Miguel,235,73,NA,NA,1999-08-01
1999,8,Santa Cruz,2918,1259,NA,NA,1999-08-01
1999,8,Isthmus,0,0,NA,NA,1999-08-01
1999,8,Santa Rosa,725,461,NA,NA,1999-08-01
1999,9,Anacapa,1158,159,NA,NA,1999-09-01
1999,9,Santa Barbara,18,0,NA,NA,1999-09-01
1999,9,San Miguel,136,18,NA,NA,1999-09-01
1999,9,Santa Cruz,2282,957,NA,NA,1999-09-01
1999,9,Isthmus,0,0,NA,NA,1999-09-01
1999,9,Santa Rosa,334,170,NA,NA,1999-09-01
1999,10,Anacapa,1129,102,NA,NA,1999-10-01
1999,10,Santa Barbara,121,28,NA,NA,1999-10-01
1999,10,San Miguel,187,45,NA,NA,1999-10-01
1999,10,Santa Cruz,1813,589,NA,NA,1999-10-01
1999,10,Isthmus,0,0,NA,NA,1999-10-01
1999,10,Santa Rosa,283,220,NA,NA,1999-10-01
1999,11,Anacapa,719,22,NA,NA,1999-11-01
1999,11,Santa Barbara,152,0,NA,NA,1999-11-01
1999,11,San Miguel,40,0,NA,NA,1999-11-01
1999,11,Santa Cruz,762,282,NA,NA,1999-11-01
1999,11,Isthmus,0,0,NA,NA,1999-11-01
1999,11,Santa Rosa,39,15,NA,NA,1999-11-01
1999,12,Anacapa,330,10,NA,NA,1999-12-01
1999,12,Santa Barbara,0,0,NA,NA,1999-12-01
1999,12,San Miguel,86,0,NA,NA,1999-12-01
1999,12,Santa Cruz,340,183,NA,NA,1999-12-01
1999,12,Isthmus,0,0,NA,NA,1999-12-01
1999,12,Santa Rosa,77,44,NA,NA,1999-12-01
2000,1,Anacapa,293,19,NA,NA,2000-01-01
2000,1,Santa Barbara,9,0,NA,NA,2000-01-01
2000,1,San Miguel,0,0,NA,NA,2000-01-01
2000,1,Santa Cruz,580,169,NA,NA,2000-01-01
2000,1,Isthmus,0,0,NA,NA,2000-01-01
2000,1,Santa Rosa,34,18,NA,NA,2000-01-01
2000,2,Anacapa,325,0,NA,NA,2000-02-01
2000,2,Santa Barbara,0,0,NA,NA,2000-02-01
2000,2,San Miguel,43,0,NA,NA,2000-02-01
2000,2,Santa Cruz,126,41,NA,NA,2000-02-01
2000,2,Isthmus,0,0,NA,NA,2000-02-01
2000,2,Santa Rosa,0,0,NA,NA,2000-02-01
2000,3,Anacapa,1783,5,NA,NA,2000-03-01
2000,3,Santa Barbara,6,0,NA,NA,2000-03-01
2000,3,San Miguel,0,0,NA,NA,2000-03-01
2000,3,Santa Cruz,1287,317,NA,NA,2000-03-01
2000,3,Isthmus,0,0,NA,NA,2000-03-01
2000,3,Santa Rosa,104,71,NA,NA,2000-03-01
2000,4,Anacapa,1655,43,NA,NA,2000-04-01
2000,4,Santa Barbara,160,45,NA,NA,2000-04-01
2000,4,San Miguel,0,0,NA,NA,2000-04-01
2000,4,Santa Cruz,1738,551,NA,NA,2000-04-01
2000,4,Isthmus,0,0,NA,NA,2000-04-01
2000,4,Santa Rosa,311,205,NA,NA,2000-04-01
2000,5,Anacapa,2269,104,NA,NA,2000-05-01
2000,5,Santa Barbara,125,60,NA,NA,2000-05-01
2000,5,San Miguel,87,0,NA,NA,2000-05-01
2000,5,Santa Cruz,1946,711,NA,NA,2000-05-01
2000,5,Isthmus,0,0,NA,NA,2000-05-01
2000,5,Santa Rosa,401,268,NA,NA,2000-05-01
2000,6,Anacapa,2360,146,NA,NA,2000-06-01
2000,6,Santa Barbara,210,144,NA,NA,2000-06-01
2000,6,San Miguel,225,106,NA,NA,2000-06-01
2000,6,Santa Cruz,1826,504,NA,NA,2000-06-01
2000,6,Isthmus,0,0,NA,NA,2000-06-01
2000,6,Santa Rosa,484,283,NA,NA,2000-06-01
2000,7,Anacapa,3060,165,NA,NA,2000-07-01
2000,7,Santa Barbara,320,94,NA,NA,2000-07-01
2000,7,San Miguel,145,36,NA,NA,2000-07-01
2000,7,Santa Cruz,2685,1200,NA,NA,2000-07-01
2000,7,Isthmus,0,0,NA,NA,2000-07-01
2000,7,Santa Rosa,443,273,NA,NA,2000-07-01
2000,8,Anacapa,2165,224,NA,NA,2000-08-01
2000,8,Santa Barbara,247,50,NA,NA,2000-08-01
2000,8,San Miguel,222,59,NA,NA,2000-08-01
2000,8,Santa Cruz,3525,1547,NA,NA,2000-08-01
2000,8,Isthmus,0,0,NA,NA,2000-08-01
2000,8,Santa Rosa,430,292,NA,NA,2000-08-01
2000,9,Anacapa,1258,135,NA,NA,2000-09-01
2000,9,Santa Barbara,7,0,NA,NA,2000-09-01
2000,9,San Miguel,244,133,NA,NA,2000-09-01
2000,9,Santa Cruz,1906,835,NA,NA,2000-09-01
2000,9,Isthmus,115,0,NA,NA,2000-09-01
2000,9,Santa Rosa,249,132,NA,NA,2000-09-01
2000,10,Anacapa,688,55,NA,NA,2000-10-01
2000,10,Santa Barbara,6,0,NA,NA,2000-10-01
2000,10,San Miguel,79,0,NA,NA,2000-10-01
2000,10,Santa Cruz,1245,527,NA,NA,2000-10-01
2000,10,Isthmus,236,0,NA,NA,2000-10-01
2000,10,Santa Rosa,159,149,NA,NA,2000-10-01
2000,11,Anacapa,422,36,NA,NA,2000-11-01
2000,11,Santa Barbara,3,0,NA,NA,2000-11-01
2000,11,San Miguel,3,0,NA,NA,2000-11-01
2000,11,Santa Cruz,671,267,NA,NA,2000-11-01
2000,11,Isthmus,0,0,NA,NA,2000-11-01
2000,11,Santa Rosa,22,16,NA,NA,2000-11-01
2000,12,Anacapa,306,6,NA,NA,2000-12-01
2000,12,Santa Barbara,7,0,NA,NA,2000-12-01
2000,12,San Miguel,9,0,NA,NA,2000-12-01
2000,12,Santa Cruz,462,167,NA,NA,2000-12-01
2000,12,Isthmus,23,0,NA,NA,2000-12-01
2000,12,Santa Rosa,25,19,NA,NA,2000-12-01
2001,1,Anacapa,307,5,NA,NA,2001-01-01
2001,1,Santa Barbara,32,0,NA,NA,2001-01-01
2001,1,San Miguel,0,0,NA,NA,2001-01-01
2001,1,Santa Cruz,276,77,NA,NA,2001-01-01
2001,1,Isthmus,42,0,NA,NA,2001-01-01
2001,1,Santa Rosa,10,10,NA,NA,2001-01-01
2001,2,Anacapa,561,20,NA,NA,2001-02-01
2001,2,Santa Barbara,0,0,NA,NA,2001-02-01
2001,2,San Miguel,2,0,NA,NA,2001-02-01
2001,2,Santa Cruz,250,103,NA,NA,2001-02-01
2001,2,Isthmus,20,0,NA,NA,2001-02-01
2001,2,Santa Rosa,0,0,NA,NA,2001-02-01
2001,3,Anacapa,1303,54,NA,NA,2001-03-01
2001,3,Santa Barbara,7,0,NA,NA,2001-03-01
2001,3,San Miguel,0,0,NA,NA,2001-03-01
2001,3,Santa Cruz,857,195,NA,NA,2001-03-01
2001,3,Isthmus,30,0,NA,NA,2001-03-01
2001,3,Santa Rosa,73,37,NA,NA,2001-03-01
2001,4,Anacapa,1982,36,NA,NA,2001-04-01
2001,4,Santa Barbara,95,38,NA,NA,2001-04-01
2001,4,San Miguel,71,0,NA,NA,2001-04-01
2001,4,Santa Cruz,1898,0,NA,NA,2001-04-01
2001,4,Isthmus,167,0,NA,NA,2001-04-01
2001,4,Santa Rosa,111,64,NA,NA,2001-04-01
2001,5,Anacapa,3283,114,NA,NA,2001-05-01
2001,5,Santa Barbara,68,0,NA,NA,2001-05-01
2001,5,San Miguel,241,57,NA,NA,2001-05-01
2001,5,Santa Cruz,1881,974,NA,NA,2001-05-01
2001,5,Isthmus,169,0,NA,NA,2001-05-01
2001,5,Santa Rosa,136,92,NA,NA,2001-05-01
2001,6,Anacapa,1807,88,NA,NA,2001-06-01
2001,6,Santa Barbara,248,158,NA,NA,2001-06-01
2001,6,San Miguel,84,0,NA,NA,2001-06-01
2001,6,Santa Cruz,2953,996,NA,NA,2001-06-01
2001,6,Isthmus,0,0,NA,NA,2001-06-01
2001,6,Santa Rosa,172,103,NA,NA,2001-06-01
2001,7,Anacapa,2095,132,NA,NA,2001-07-01
2001,7,Santa Barbara,241,67,NA,NA,2001-07-01
2001,7,San Miguel,234,69,NA,NA,2001-07-01
2001,7,Santa Cruz,2735,1113,NA,NA,2001-07-01
2001,7,Isthmus,195,0,NA,NA,2001-07-01
2001,7,Santa Rosa,488,202,NA,NA,2001-07-01
2001,8,Anacapa,2481,155,NA,NA,2001-08-01
2001,8,Santa Barbara,420,31,NA,NA,2001-08-01
2001,8,San Miguel,289,94,NA,NA,2001-08-01
2001,8,Santa Cruz,4716,1856,NA,NA,2001-08-01
2001,8,Isthmus,0,0,NA,NA,2001-08-01
2001,8,Santa Rosa,285,223,NA,NA,2001-08-01
2001,9,Anacapa,2123,165,NA,NA,2001-09-01
2001,9,Santa Barbara,53,26,NA,NA,2001-09-01
2001,9,San Miguel,95,62,NA,NA,2001-09-01
2001,9,Santa Cruz,3343,1295,NA,NA,2001-09-01
2001,9,Isthmus,0,0,NA,NA,2001-09-01
2001,9,Santa Rosa,522,249,NA,NA,2001-09-01
2001,10,Anacapa,1728,48,NA,NA,2001-10-01
2001,10,Santa Barbara,37,0,NA,NA,2001-10-01
2001,10,San Miguel,76,18,NA,NA,2001-10-01
2001,10,Santa Cruz,2056,667,NA,NA,2001-10-01
2001,10,Isthmus,0,0,NA,NA,2001-10-01
2001,10,Santa Rosa,179,74,NA,NA,2001-10-01
2001,11,Anacapa,261,15,NA,NA,2001-11-01
2001,11,Santa Barbara,8,0,NA,NA,2001-11-01
2001,11,San Miguel,167,28,NA,NA,2001-11-01
2001,11,Santa Cruz,965,301,NA,NA,2001-11-01
2001,11,Isthmus,0,0,NA,NA,2001-11-01
2001,11,Santa Rosa,68,56,NA,NA,2001-11-01
2001,12,Anacapa,115,0,NA,NA,2001-12-01
2001,12,Santa Barbara,0,0,NA,NA,2001-12-01
2001,12,San Miguel,2,0,NA,NA,2001-12-01
2001,12,Santa Cruz,561,159,NA,NA,2001-12-01
2001,12,Isthmus,0,0,NA,NA,2001-12-01
2001,12,Santa Rosa,0,0,NA,NA,2001-12-01
2002,1,Anacapa,491,14,NA,NA,2002-01-01
2002,1,Santa Barbara,4,0,NA,NA,2002-01-01
2002,1,San Miguel,14,0,NA,NA,2002-01-01
2002,1,Santa Cruz,573,130,NA,NA,2002-01-01
2002,1,Isthmus,0,0,NA,NA,2002-01-01
2002,1,Santa Rosa,15,0,NA,NA,2002-01-01
2002,2,Anacapa,2002,31,NA,NA,2002-02-01
2002,2,Santa Barbara,10,0,NA,NA,2002-02-01
2002,2,San Miguel,4,4,NA,NA,2002-02-01
2002,2,Santa Cruz,494,54,NA,NA,2002-02-01
2002,2,Isthmus,0,0,NA,NA,2002-02-01
2002,2,Santa Rosa,26,0,NA,NA,2002-02-01
2002,3,Anacapa,2390,110,NA,NA,2002-03-01
2002,3,Santa Barbara,47,0,NA,NA,2002-03-01
2002,3,San Miguel,52,0,NA,NA,2002-03-01
2002,3,Santa Cruz,897,314,NA,NA,2002-03-01
2002,3,Isthmus,65,0,NA,NA,2002-03-01
2002,3,Santa Rosa,22,0,NA,NA,2002-03-01
2002,4,Anacapa,2267,62,NA,NA,2002-04-01
2002,4,Santa Barbara,111,0,NA,NA,2002-04-01
2002,4,San Miguel,35,0,NA,NA,2002-04-01
2002,4,Santa Cruz,2299,859,NA,NA,2002-04-01
2002,4,Isthmus,24,8,NA,NA,2002-04-01
2002,4,Santa Rosa,242,48,NA,NA,2002-04-01
2002,5,Anacapa,2396,83,NA,NA,2002-05-01
2002,5,Santa Barbara,7,0,NA,NA,2002-05-01
2002,5,San Miguel,86,48,NA,NA,2002-05-01
2002,5,Santa Cruz,3898,1748,NA,NA,2002-05-01
2002,5,Isthmus,241,47,NA,NA,2002-05-01
2002,5,Santa Rosa,321,134,NA,NA,2002-05-01
2002,6,Anacapa,2347,83,NA,NA,2002-06-01
2002,6,Santa Barbara,235,182,NA,NA,2002-06-01
2002,6,San Miguel,75,26,NA,NA,2002-06-01
2002,6,Santa Cruz,3158,1240,NA,NA,2002-06-01
2002,6,Isthmus,284,26,NA,NA,2002-06-01
2002,6,Santa Rosa,204,108,NA,NA,2002-06-01
2002,7,Anacapa,2378,94,NA,NA,2002-07-01
2002,7,Santa Barbara,249,81,NA,NA,2002-07-01
2002,7,San Miguel,216,100,NA,NA,2002-07-01
2002,7,Santa Cruz,3516,1254,NA,NA,2002-07-01
2002,7,Isthmus,295,67,NA,NA,2002-07-01
2002,7,Santa Rosa,560,213,NA,NA,2002-07-01
2002,8,Anacapa,2600,200,NA,NA,2002-08-01
2002,8,Santa Barbara,508,52,NA,NA,2002-08-01
2002,8,San Miguel,197,42,NA,NA,2002-08-01
2002,8,Santa Cruz,5128,2288,NA,NA,2002-08-01
2002,8,Isthmus,219,70,NA,NA,2002-08-01
2002,8,Santa Rosa,397,281,NA,NA,2002-08-01
2002,9,Anacapa,1997,104,NA,NA,2002-09-01
2002,9,Santa Barbara,103,54,NA,NA,2002-09-01
2002,9,San Miguel,411,79,NA,NA,2002-09-01
2002,9,Santa Cruz,3950,1578,NA,NA,2002-09-01
2002,9,Isthmus,421,88,NA,NA,2002-09-01
2002,9,Santa Rosa,533,297,NA,NA,2002-09-01
2002,10,Anacapa,1196,44,NA,NA,2002-10-01
2002,10,Santa Barbara,35,0,NA,NA,2002-10-01
2002,10,San Miguel,129,54,NA,NA,2002-10-01
2002,10,Santa Cruz,2635,727,NA,NA,2002-10-01
2002,10,Isthmus,186,44,NA,NA,2002-10-01
2002,10,Santa Rosa,221,138,NA,NA,2002-10-01
2002,11,Anacapa,430,37,NA,NA,2002-11-01
2002,11,Santa Barbara,50,0,NA,NA,2002-11-01
2002,11,San Miguel,3,0,NA,NA,2002-11-01
2002,11,Santa Cruz,935,185,NA,NA,2002-11-01
2002,11,Isthmus,93,13,NA,NA,2002-11-01
2002,11,Santa Rosa,84,2,NA,NA,2002-11-01
2002,12,Anacapa,216,3,NA,NA,2002-12-01
2002,12,Santa Barbara,0,0,NA,NA,2002-12-01
2002,12,San Miguel,20,0,NA,NA,2002-12-01
2002,12,Santa Cruz,695,119,NA,NA,2002-12-01
2002,12,Isthmus,171,45,NA,NA,2002-12-01
2002,12,Santa Rosa,53,2,NA,NA,2002-12-01
2003,1,Anacapa,789,8,NA,NA,2003-01-01
2003,1,Santa Barbara,3,0,NA,NA,2003-01-01
2003,1,San Miguel,0,0,NA,NA,2003-01-01
2003,1,Santa Cruz,997,251,NA,NA,2003-01-01
2003,1,Isthmus,120,30,NA,NA,2003-01-01
2003,1,Santa Rosa,50,0,NA,NA,2003-01-01
2003,2,Anacapa,900,19,NA,NA,2003-02-01
2003,2,Santa Barbara,0,0,NA,NA,2003-02-01
2003,2,San Miguel,0,0,NA,NA,2003-02-01
2003,2,Santa Cruz,862,280,NA,NA,2003-02-01
2003,2,Isthmus,124,35,NA,NA,2003-02-01
2003,2,Santa Rosa,24,0,NA,NA,2003-02-01
2003,3,Anacapa,1143,19,NA,NA,2003-03-01
2003,3,Santa Barbara,5,0,NA,NA,2003-03-01
2003,3,San Miguel,36,1,NA,NA,2003-03-01
2003,3,Santa Cruz,959,146,NA,NA,2003-03-01
2003,3,Isthmus,141,0,NA,NA,2003-03-01
2003,3,Santa Rosa,91,0,NA,NA,2003-03-01
2003,4,Anacapa,1291,23,NA,NA,2003-04-01
2003,4,Santa Barbara,89,0,NA,NA,2003-04-01
2003,4,San Miguel,22,0,NA,NA,2003-04-01
2003,4,Santa Cruz,2089,927,NA,NA,2003-04-01
2003,4,Isthmus,290,0,NA,NA,2003-04-01
2003,4,Santa Rosa,239,49,NA,NA,2003-04-01
2003,5,Anacapa,2024,100,NA,NA,2003-05-01
2003,5,Santa Barbara,63,0,NA,NA,2003-05-01
2003,5,San Miguel,133,78,NA,NA,2003-05-01
2003,5,Santa Cruz,2803,820,NA,NA,2003-05-01
2003,5,Isthmus,428,0,NA,NA,2003-05-01
2003,5,Santa Rosa,113,111,NA,NA,2003-05-01
2003,6,Anacapa,1684,60,NA,NA,2003-06-01
2003,6,Santa Barbara,251,155,NA,NA,2003-06-01
2003,6,San Miguel,102,0,NA,NA,2003-06-01
2003,6,Santa Cruz,4826,1106,NA,NA,2003-06-01
2003,6,Isthmus,1246,52,NA,NA,2003-06-01
2003,6,Santa Rosa,360,231,NA,NA,2003-06-01
2003,7,Anacapa,2051,110,NA,NA,2003-07-01
2003,7,Santa Barbara,318,90,NA,NA,2003-07-01
2003,7,San Miguel,229,131,NA,NA,2003-07-01
2003,7,Santa Cruz,7010,2303,NA,NA,2003-07-01
2003,7,Isthmus,1621,52,NA,NA,2003-07-01
2003,7,Santa Rosa,385,101,NA,NA,2003-07-01
2003,8,Anacapa,2163,244,NA,NA,2003-08-01
2003,8,Santa Barbara,424,84,NA,NA,2003-08-01
2003,8,San Miguel,221,145,NA,NA,2003-08-01
2003,8,Santa Cruz,7157,3212,NA,NA,2003-08-01
2003,8,Isthmus,1532,43,NA,NA,2003-08-01
2003,8,Santa Rosa,899,555,NA,NA,2003-08-01
2003,9,Anacapa,2100,117,NA,NA,2003-09-01
2003,9,Santa Barbara,188,14,NA,NA,2003-09-01
2003,9,San Miguel,140,54,NA,NA,2003-09-01
2003,9,Santa Cruz,3766,1177,NA,NA,2003-09-01
2003,9,Isthmus,256,0,NA,NA,2003-09-01
2003,9,Santa Rosa,340,143,NA,NA,2003-09-01
2003,10,Anacapa,944,48,NA,NA,2003-10-01
2003,10,Santa Barbara,137,22,NA,NA,2003-10-01
2003,10,San Miguel,120,7,NA,NA,2003-10-01
2003,10,Santa Cruz,3783,1443,NA,NA,2003-10-01
2003,10,Isthmus,535,0,NA,NA,2003-10-01
2003,10,Santa Rosa,407,205,NA,NA,2003-10-01
2003,11,Anacapa,604,1,NA,NA,2003-11-01
2003,11,Santa Barbara,2,0,NA,NA,2003-11-01
2003,11,San Miguel,46,0,NA,NA,2003-11-01
2003,11,Santa Cruz,1104,365,NA,NA,2003-11-01
2003,11,Isthmus,273,0,NA,NA,2003-11-01
2003,11,Santa Rosa,121,0,NA,NA,2003-11-01
2003,12,Anacapa,340,0,NA,NA,2003-12-01
2003,12,Santa Barbara,10,0,NA,NA,2003-12-01
2003,12,San Miguel,9,0,NA,NA,2003-12-01
2003,12,Santa Cruz,675,363,NA,NA,2003-12-01
2003,12,Isthmus,56,0,NA,NA,2003-12-01
2003,12,Santa Rosa,21,0,NA,NA,2003-12-01
2004,1,Anacapa,3468,4,NA,NA,2004-01-01
2004,1,Santa Barbara,72,0,NA,NA,2004-01-01
2004,1,San Miguel,8,0,NA,NA,2004-01-01
2004,1,Santa Cruz,997,316,NA,NA,2004-01-01
2004,1,Isthmus,112,0,NA,NA,2004-01-01
2004,1,Santa Rosa,49,0,NA,NA,2004-01-01
2004,2,Anacapa,534,7,NA,NA,2004-02-01
2004,2,Santa Barbara,40,0,NA,NA,2004-02-01
2004,2,San Miguel,0,0,NA,NA,2004-02-01
2004,2,Santa Cruz,923,174,NA,NA,2004-02-01
2004,2,Isthmus,300,100,NA,NA,2004-02-01
2004,2,Santa Rosa,32,10,NA,NA,2004-02-01
2004,3,Anacapa,2175,18,NA,NA,2004-03-01
2004,3,Santa Barbara,124,0,NA,NA,2004-03-01
2004,3,San Miguel,5,0,NA,NA,2004-03-01
2004,3,Santa Cruz,1908,350,NA,NA,2004-03-01
2004,3,Isthmus,214,0,NA,NA,2004-03-01
2004,3,Santa Rosa,66,4,NA,NA,2004-03-01
2004,4,Anacapa,1707,45,NA,NA,2004-04-01
2004,4,Santa Barbara,254,0,NA,NA,2004-04-01
2004,4,San Miguel,11,4,NA,NA,2004-04-01
2004,4,Santa Cruz,4495,1758,NA,NA,2004-04-01
2004,4,Isthmus,426,0,NA,NA,2004-04-01
2004,4,Santa Rosa,214,0,NA,NA,2004-04-01
2004,5,Anacapa,1654,70,NA,NA,2004-05-01
2004,5,Santa Barbara,67,0,NA,NA,2004-05-01
2004,5,San Miguel,91,30,NA,NA,2004-05-01
2004,5,Santa Cruz,5528,1652,NA,NA,2004-05-01
2004,5,Isthmus,350,0,NA,NA,2004-05-01
2004,5,Santa Rosa,307,122,NA,NA,2004-05-01
2004,6,Anacapa,1618,73,NA,NA,2004-06-01
2004,6,Santa Barbara,179,3,NA,NA,2004-06-01
2004,6,San Miguel,8,2,NA,NA,2004-06-01
2004,6,Santa Cruz,3201,1761,NA,NA,2004-06-01
2004,6,Isthmus,713,24,NA,NA,2004-06-01
2004,6,Santa Rosa,199,78,NA,NA,2004-06-01
2004,7,Anacapa,2148,106,NA,NA,2004-07-01
2004,7,Santa Barbara,274,72,NA,NA,2004-07-01
2004,7,San Miguel,259,114,NA,NA,2004-07-01
2004,7,Santa Cruz,8616,0,NA,NA,2004-07-01
2004,7,Isthmus,2452,201,NA,NA,2004-07-01
2004,7,Santa Rosa,784,415,NA,NA,2004-07-01
2004,8,Anacapa,2156,239,NA,NA,2004-08-01
2004,8,Santa Barbara,371,61,NA,NA,2004-08-01
2004,8,San Miguel,166,81,NA,NA,2004-08-01
2004,8,Santa Cruz,9665,3343,NA,NA,2004-08-01
2004,8,Isthmus,4337,166,NA,NA,2004-08-01
2004,8,Santa Rosa,993,586,NA,NA,2004-08-01
2004,9,Anacapa,884,141,NA,NA,2004-09-01
2004,9,Santa Barbara,195,23,NA,NA,2004-09-01
2004,9,San Miguel,357,81,NA,NA,2004-09-01
2004,9,Santa Cruz,5436,2450,NA,NA,2004-09-01
2004,9,Isthmus,463,2,NA,NA,2004-09-01
2004,9,Santa Rosa,709,394,NA,NA,2004-09-01
2004,10,Anacapa,666,83,NA,NA,2004-10-01
2004,10,Santa Barbara,41,0,NA,NA,2004-10-01
2004,10,San Miguel,296,114,NA,NA,2004-10-01
2004,10,Santa Cruz,3209,1565,NA,NA,2004-10-01
2004,10,Isthmus,395,16,NA,NA,2004-10-01
2004,10,Santa Rosa,393,165,NA,NA,2004-10-01
2004,11,Anacapa,602,30,NA,NA,2004-11-01
2004,11,Santa Barbara,16,0,NA,NA,2004-11-01
2004,11,San Miguel,0,0,NA,NA,2004-11-01
2004,11,Santa Cruz,978,430,NA,NA,2004-11-01
2004,11,Isthmus,272,1,NA,NA,2004-11-01
2004,11,Santa Rosa,45,14,NA,NA,2004-11-01
2004,12,Anacapa,43,0,NA,NA,2004-12-01
2004,12,Santa Barbara,0,0,NA,NA,2004-12-01
2004,12,San Miguel,0,0,NA,NA,2004-12-01
2004,12,Santa Cruz,406,98,NA,NA,2004-12-01
2004,12,Isthmus,140,1,NA,NA,2004-12-01
2004,12,Santa Rosa,16,0,NA,NA,2004-12-01
2005,1,Anacapa,170,0,NA,NA,2005-01-01
2005,1,Santa Barbara,0,0,NA,NA,2005-01-01
2005,1,San Miguel,0,0,NA,NA,2005-01-01
2005,1,Santa Cruz,205,0,NA,NA,2005-01-01
2005,1,Isthmus,45,0,NA,NA,2005-01-01
2005,1,Santa Rosa,0,0,NA,NA,2005-01-01
2005,2,Anacapa,369,4,NA,NA,2005-02-01
2005,2,Santa Barbara,5,0,NA,NA,2005-02-01
2005,2,San Miguel,2,0,NA,NA,2005-02-01
2005,2,Santa Cruz,475,62,NA,NA,2005-02-01
2005,2,Isthmus,165,13,NA,NA,2005-02-01
2005,2,Santa Rosa,0,0,NA,NA,2005-02-01
2005,3,Anacapa,1339,39,NA,NA,2005-03-01
2005,3,Santa Barbara,67,0,NA,NA,2005-03-01
2005,3,San Miguel,43,0,NA,NA,2005-03-01
2005,3,Santa Cruz,2291,516,NA,NA,2005-03-01
2005,3,Isthmus,395,56,NA,NA,2005-03-01
2005,3,Santa Rosa,22,0,NA,NA,2005-03-01
2005,4,Anacapa,1521,39,NA,NA,2005-04-01
2005,4,Santa Barbara,188,28,NA,NA,2005-04-01
2005,4,San Miguel,38,0,NA,NA,2005-04-01
2005,4,Santa Cruz,3333,887,NA,NA,2005-04-01
2005,4,Isthmus,782,41,NA,NA,2005-04-01
2005,4,Santa Rosa,50,6,NA,NA,2005-04-01
2005,5,Anacapa,1675,132,NA,NA,2005-05-01
2005,5,Santa Barbara,93,0,NA,NA,2005-05-01
2005,5,San Miguel,190,87,NA,NA,2005-05-01
2005,5,Santa Cruz,4365,1706,NA,NA,2005-05-01
2005,5,Isthmus,767,36,NA,NA,2005-05-01
2005,5,Santa Rosa,263,125,NA,NA,2005-05-01
2005,6,Anacapa,1654,87,NA,NA,2005-06-01
2005,6,Santa Barbara,137,69,NA,NA,2005-06-01
2005,6,San Miguel,128,0,NA,NA,2005-06-01
2005,6,Santa Cruz,6157,3009,NA,NA,2005-06-01
2005,6,Isthmus,700,33,NA,NA,2005-06-01
2005,6,Santa Rosa,200,80,NA,NA,2005-06-01
2005,7,Anacapa,2125,185,NA,NA,2005-07-01
2005,7,Santa Barbara,404,86,NA,NA,2005-07-01
2005,7,San Miguel,301,60,NA,NA,2005-07-01
2005,7,Santa Cruz,7904,2922,NA,NA,2005-07-01
2005,7,Isthmus,684,52,NA,NA,2005-07-01
2005,7,Santa Rosa,862,414,NA,NA,2005-07-01
2005,8,Anacapa,1655,132,NA,NA,2005-08-01
2005,8,Santa Barbara,401,93,NA,NA,2005-08-01
2005,8,San Miguel,379,163,NA,NA,2005-08-01
2005,8,Santa Cruz,6078,3292,NA,NA,2005-08-01
2005,8,Isthmus,1194,65,NA,NA,2005-08-01
2005,8,Santa Rosa,585,378,NA,NA,2005-08-01
2005,9,Anacapa,740,103,NA,NA,2005-09-01
2005,9,Santa Barbara,307,72,NA,NA,2005-09-01
2005,9,San Miguel,282,48,NA,NA,2005-09-01
2005,9,Santa Cruz,4148,2104,NA,NA,2005-09-01
2005,9,Isthmus,762,63,NA,NA,2005-09-01
2005,9,Santa Rosa,477,277,NA,NA,2005-09-01
2005,10,Anacapa,431,92,NA,NA,2005-10-01
2005,10,Santa Barbara,0,0,NA,NA,2005-10-01
2005,10,San Miguel,168,41,NA,NA,2005-10-01
2005,10,Santa Cruz,4170,1593,NA,NA,2005-10-01
2005,10,Isthmus,439,0,NA,NA,2005-10-01
2005,10,Santa Rosa,252,116,NA,NA,2005-10-01
2005,11,Anacapa,689,53,NA,NA,2005-11-01
2005,11,Santa Barbara,0,0,NA,NA,2005-11-01
2005,11,San Miguel,4,0,NA,NA,2005-11-01
2005,11,Santa Cruz,384,0,NA,NA,2005-11-01
2005,11,Isthmus,484,0,NA,NA,2005-11-01
2005,11,Santa Rosa,171,74,NA,NA,2005-11-01
2005,12,Anacapa,47,0,NA,NA,2005-12-01
2005,12,Santa Barbara,0,0,NA,NA,2005-12-01
2005,12,San Miguel,0,0,NA,NA,2005-12-01
2005,12,Santa Cruz,343,0,NA,NA,2005-12-01
2005,12,Isthmus,340,0,NA,NA,2005-12-01
2005,12,Santa Rosa,20,8,NA,NA,2005-12-01
2006,1,Anacapa,284,9,NA,NA,2006-01-01
2006,1,Santa Barbara,0,0,NA,NA,2006-01-01
2006,1,San Miguel,0,0,NA,NA,2006-01-01
2006,1,Santa Cruz,166,0,NA,NA,2006-01-01
2006,1,Isthmus,387,0,NA,NA,2006-01-01
2006,1,Santa Rosa,0,0,NA,NA,2006-01-01
2006,2,Anacapa,523,42,NA,NA,2006-02-01
2006,2,Santa Barbara,0,0,NA,NA,2006-02-01
2006,2,San Miguel,2,0,NA,NA,2006-02-01
2006,2,Santa Cruz,401,0,NA,NA,2006-02-01
2006,2,Isthmus,284,0,NA,NA,2006-02-01
2006,2,Santa Rosa,21,6,NA,NA,2006-02-01
2006,3,Anacapa,1081,6,NA,NA,2006-03-01
2006,3,Santa Barbara,0,0,NA,NA,2006-03-01
2006,3,San Miguel,32,0,NA,NA,2006-03-01
2006,3,Santa Cruz,1051,248,NA,NA,2006-03-01
2006,3,Isthmus,537,0,NA,NA,2006-03-01
2006,3,Santa Rosa,64,0,NA,NA,2006-03-01
2006,4,Anacapa,1774,40,NA,NA,2006-04-01
2006,4,Santa Barbara,0,0,NA,NA,2006-04-01
2006,4,San Miguel,18,0,NA,NA,2006-04-01
2006,4,Santa Cruz,2640,1055,NA,NA,2006-04-01
2006,4,Isthmus,719,0,NA,NA,2006-04-01
2006,4,Santa Rosa,124,40,NA,NA,2006-04-01
2006,5,Anacapa,1330,92,NA,NA,2006-05-01
2006,5,Santa Barbara,0,0,NA,NA,2006-05-01
2006,5,San Miguel,304,0,NA,NA,2006-05-01
2006,5,Santa Cruz,4155,1719,NA,NA,2006-05-01
2006,5,Isthmus,782,0,NA,NA,2006-05-01
2006,5,Santa Rosa,469,223,NA,NA,2006-05-01
2006,6,Anacapa,1685,76,NA,NA,2006-06-01
2006,6,Santa Barbara,0,0,NA,NA,2006-06-01
2006,6,San Miguel,8,12,NA,NA,2006-06-01
2006,6,Santa Cruz,5360,1987,NA,NA,2006-06-01
2006,6,Isthmus,773,0,NA,NA,2006-06-01
2006,6,Santa Rosa,472,259,NA,NA,2006-06-01
2006,7,Anacapa,1489,206,NA,NA,2006-07-01
2006,7,Santa Barbara,213,134,NA,NA,2006-07-01
2006,7,San Miguel,147,30,NA,NA,2006-07-01
2006,7,Santa Cruz,5923,2392,NA,NA,2006-07-01
2006,7,Isthmus,835,0,NA,NA,2006-07-01
2006,7,Santa Rosa,496,343,NA,NA,2006-07-01
2006,8,Anacapa,1740,196,NA,NA,2006-08-01
2006,8,Santa Barbara,246,60,NA,NA,2006-08-01
2006,8,San Miguel,403,168,NA,NA,2006-08-01
2006,8,Santa Cruz,5449,2680,NA,NA,2006-08-01
2006,8,Isthmus,670,0,NA,NA,2006-08-01
2006,8,Santa Rosa,975,540,NA,NA,2006-08-01
2006,9,Anacapa,999,72,NA,NA,2006-09-01
2006,9,Santa Barbara,674,98,NA,NA,2006-09-01
2006,9,San Miguel,497,105,NA,NA,2006-09-01
2006,9,Santa Cruz,4052,2372,NA,NA,2006-09-01
2006,9,Isthmus,654,0,NA,NA,2006-09-01
2006,9,Santa Rosa,550,390,NA,NA,2006-09-01
2006,10,Anacapa,443,77,NA,NA,2006-10-01
2006,10,Santa Barbara,28,0,NA,NA,2006-10-01
2006,10,San Miguel,170,62,NA,NA,2006-10-01
2006,10,Santa Cruz,2273,901,NA,NA,2006-10-01
2006,10,Isthmus,683,0,NA,NA,2006-10-01
2006,10,Santa Rosa,644,226,NA,NA,2006-10-01
2006,11,Anacapa,190,7,NA,NA,2006-11-01
2006,11,Santa Barbara,5,0,NA,NA,2006-11-01
2006,11,San Miguel,10,2,NA,NA,2006-11-01
2006,11,Santa Cruz,1189,512,NA,NA,2006-11-01
2006,11,Isthmus,362,0,NA,NA,2006-11-01
2006,11,Santa Rosa,232,88,NA,NA,2006-11-01
2006,12,Anacapa,104,4,NA,NA,2006-12-01
2006,12,Santa Barbara,6,0,NA,NA,2006-12-01
2006,12,San Miguel,0,0,NA,NA,2006-12-01
2006,12,Santa Cruz,995,213,NA,NA,2006-12-01
2006,12,Isthmus,0,0,NA,NA,2006-12-01
2006,12,Santa Rosa,0,0,NA,NA,2006-12-01
2007,1,Anacapa,284,0,NA,NA,2007-01-01
2007,1,Santa Barbara,14,0,NA,NA,2007-01-01
2007,1,San Miguel,10,0,NA,NA,2007-01-01
2007,1,Santa Cruz,689,183,NA,NA,2007-01-01
2007,1,Isthmus,211,0,NA,NA,2007-01-01
2007,1,Santa Rosa,9,0,NA,NA,2007-01-01
2007,2,Anacapa,523,42,NA,NA,2007-02-01
2007,2,Santa Barbara,10,0,NA,NA,2007-02-01
2007,2,San Miguel,0,0,NA,NA,2007-02-01
2007,2,Santa Cruz,539,158,NA,NA,2007-02-01
2007,2,Isthmus,233,0,NA,NA,2007-02-01
2007,2,Santa Rosa,4,0,NA,NA,2007-02-01
2007,3,Anacapa,1564,0,NA,NA,2007-03-01
2007,3,Santa Barbara,50,125,NA,NA,2007-03-01
2007,3,San Miguel,45,0,NA,NA,2007-03-01
2007,3,Santa Cruz,2782,727,NA,NA,2007-03-01
2007,3,Isthmus,543,0,NA,NA,2007-03-01
2007,3,Santa Rosa,51,0,NA,NA,2007-03-01
2007,4,Anacapa,1221,40,NA,NA,2007-04-01
2007,4,Santa Barbara,200,0,NA,NA,2007-04-01
2007,4,San Miguel,0,0,NA,NA,2007-04-01
2007,4,Santa Cruz,3274,1213,NA,NA,2007-04-01
2007,4,Isthmus,731,0,NA,NA,2007-04-01
2007,4,Santa Rosa,172,67,NA,NA,2007-04-01
2007,5,Anacapa,1536,92,NA,NA,2007-05-01
2007,5,Santa Barbara,75,0,NA,NA,2007-05-01
2007,5,San Miguel,119,69,NA,NA,2007-05-01
2007,5,Santa Cruz,4229,1700,NA,NA,2007-05-01
2007,5,Isthmus,728,0,NA,NA,2007-05-01
2007,5,Santa Rosa,392,196,NA,NA,2007-05-01
2007,6,Anacapa,1200,6,NA,NA,2007-06-01
2007,6,Santa Barbara,47,70,NA,NA,2007-06-01
2007,6,San Miguel,26,0,NA,NA,2007-06-01
2007,6,Santa Cruz,4470,1757,NA,NA,2007-06-01
2007,6,Isthmus,711,0,NA,NA,2007-06-01
2007,6,Santa Rosa,353,146,NA,NA,2007-06-01
2007,7,Anacapa,1556,61,NA,NA,2007-07-01
2007,7,Santa Barbara,10,275,NA,NA,2007-07-01
2007,7,San Miguel,205,75,NA,NA,2007-07-01
2007,7,Santa Cruz,4964,1985,NA,NA,2007-07-01
2007,7,Isthmus,781,100,NA,NA,2007-07-01
2007,7,Santa Rosa,1008,518,NA,NA,2007-07-01
2007,8,Anacapa,1226,120,NA,NA,2007-08-01
2007,8,Santa Barbara,85,60,NA,NA,2007-08-01
2007,8,San Miguel,204,77,NA,NA,2007-08-01
2007,8,Santa Cruz,6245,3222,NA,NA,2007-08-01
2007,8,Isthmus,786,100,NA,NA,2007-08-01
2007,8,Santa Rosa,885,447,NA,NA,2007-08-01
2007,9,Anacapa,880,75,NA,NA,2007-09-01
2007,9,Santa Barbara,62,75,NA,NA,2007-09-01
2007,9,San Miguel,380,110,NA,NA,2007-09-01
2007,9,Santa Cruz,3400,1550,NA,NA,2007-09-01
2007,9,Isthmus,857,0,NA,NA,2007-09-01
2007,9,Santa Rosa,881,372,NA,NA,2007-09-01
2007,10,Anacapa,298,100,NA,NA,2007-10-01
2007,10,Santa Barbara,124,0,NA,NA,2007-10-01
2007,10,San Miguel,56,0,NA,NA,2007-10-01
2007,10,Santa Cruz,2786,1190,NA,NA,2007-10-01
2007,10,Isthmus,681,0,NA,NA,2007-10-01
2007,10,Santa Rosa,495,179,NA,NA,2007-10-01
2007,11,Anacapa,245,0,NA,NA,2007-11-01
2007,11,Santa Barbara,10,0,NA,NA,2007-11-01
2007,11,San Miguel,100,0,NA,NA,2007-11-01
2007,11,Santa Cruz,1933,550,NA,NA,2007-11-01
2007,11,Isthmus,483,0,NA,NA,2007-11-01
2007,11,Santa Rosa,87,44,NA,NA,2007-11-01
2007,12,Anacapa,258,0,NA,NA,2007-12-01
2007,12,Santa Barbara,0,0,NA,NA,2007-12-01
2007,12,San Miguel,22,0,NA,NA,2007-12-01
2007,12,Santa Cruz,965,125,NA,NA,2007-12-01
2007,12,Isthmus,267,0,NA,NA,2007-12-01
2007,12,Santa Rosa,13,0,NA,NA,2007-12-01
2008,1,Anacapa,207,0,NA,NA,2008-01-01
2008,1,Santa Barbara,0,0,NA,NA,2008-01-01
2008,1,San Miguel,0,0,NA,NA,2008-01-01
2008,1,Santa Cruz,559,138,NA,NA,2008-01-01
2008,1,Isthmus,336,0,NA,NA,2008-01-01
2008,1,Santa Rosa,8,0,NA,NA,2008-01-01
2008,2,Anacapa,552,0,NA,NA,2008-02-01
2008,2,Santa Barbara,0,0,NA,NA,2008-02-01
2008,2,San Miguel,0,1,NA,NA,2008-02-01
2008,2,Santa Cruz,731,0,NA,NA,2008-02-01
2008,2,Isthmus,281,0,NA,NA,2008-02-01
2008,2,Santa Rosa,97,30,NA,NA,2008-02-01
2008,3,Anacapa,1485,0,NA,NA,2008-03-01
2008,3,Santa Barbara,0,0,NA,NA,2008-03-01
2008,3,San Miguel,1,3,NA,NA,2008-03-01
2008,3,Santa Cruz,1950,0,NA,NA,2008-03-01
2008,3,Isthmus,387,0,NA,NA,2008-03-01
2008,3,Santa Rosa,21,0,NA,NA,2008-03-01
2008,4,Anacapa,1505,84,NA,NA,2008-04-01
2008,4,Santa Barbara,77,0,NA,NA,2008-04-01
2008,4,San Miguel,20,0,NA,NA,2008-04-01
2008,4,Santa Cruz,2794,876,NA,NA,2008-04-01
2008,4,Isthmus,319,67,NA,NA,2008-04-01
2008,4,Santa Rosa,220,86,NA,NA,2008-04-01
2008,5,Anacapa,1536,84,NA,NA,2008-05-01
2008,5,Santa Barbara,63,17,NA,NA,2008-05-01
2008,5,San Miguel,126,60,NA,NA,2008-05-01
2008,5,Santa Cruz,4248,1471,NA,NA,2008-05-01
2008,5,Isthmus,725,79,NA,NA,2008-05-01
2008,5,Santa Rosa,296,177,NA,NA,2008-05-01
2008,6,Anacapa,1717,99,NA,NA,2008-06-01
2008,6,Santa Barbara,189,41,NA,NA,2008-06-01
2008,6,San Miguel,98,0,NA,NA,2008-06-01
2008,6,Santa Cruz,5338,1604,NA,NA,2008-06-01
2008,6,Isthmus,1519,97,NA,NA,2008-06-01
2008,6,Santa Rosa,540,248,NA,NA,2008-06-01
2008,7,Anacapa,2293,144,NA,NA,2008-07-01
2008,7,Santa Barbara,68,49,NA,NA,2008-07-01
2008,7,San Miguel,45,0,NA,NA,2008-07-01
2008,7,Santa Cruz,7535,2646,NA,NA,2008-07-01
2008,7,Isthmus,937,97,NA,NA,2008-07-01
2008,7,Santa Rosa,791,392,NA,NA,2008-07-01
2008,8,Anacapa,1932,0,NA,NA,2008-08-01
2008,8,Santa Barbara,105,0,NA,NA,2008-08-01
2008,8,San Miguel,261,138,NA,NA,2008-08-01
2008,8,Santa Cruz,7860,3077,NA,NA,2008-08-01
2008,8,Isthmus,800,0,NA,NA,2008-08-01
2008,8,Santa Rosa,1424,736,NA,NA,2008-08-01
2008,9,Anacapa,636,0,NA,NA,2008-09-01
2008,9,Santa Barbara,59,0,NA,NA,2008-09-01
2008,9,San Miguel,395,20,NA,NA,2008-09-01
2008,9,Santa Cruz,4667,2023,NA,NA,2008-09-01
2008,9,Isthmus,880,0,NA,NA,2008-09-01
2008,9,Santa Rosa,534,206,NA,NA,2008-09-01
2008,10,Anacapa,455,0,NA,NA,2008-10-01
2008,10,Santa Barbara,0,0,NA,NA,2008-10-01
2008,10,San Miguel,105,0,NA,NA,2008-10-01
2008,10,Santa Cruz,3319,1161,NA,NA,2008-10-01
2008,10,Isthmus,488,0,NA,NA,2008-10-01
2008,10,Santa Rosa,318,161,NA,NA,2008-10-01
2008,11,Anacapa,492,0,NA,NA,2008-11-01
2008,11,Santa Barbara,0,0,NA,NA,2008-11-01
2008,11,San Miguel,2,0,NA,NA,2008-11-01
2008,11,Santa Cruz,2719,964,NA,NA,2008-11-01
2008,11,Isthmus,346,0,NA,NA,2008-11-01
2008,11,Santa Rosa,53,0,NA,NA,2008-11-01
2008,12,Anacapa,188,0,NA,NA,2008-12-01
2008,12,Santa Barbara,0,0,NA,NA,2008-12-01
2008,12,San Miguel,0,0,NA,NA,2008-12-01
2008,12,Santa Cruz,995,213,NA,NA,2008-12-01
2008,12,Isthmus,322,0,NA,NA,2008-12-01
2008,12,Santa Rosa,4,0,NA,NA,2008-12-01
2009,1,Anacapa,250,0,NA,NA,2009-01-01
2009,1,Santa Barbara,0,0,NA,NA,2009-01-01
2009,1,San Miguel,0,0,NA,NA,2009-01-01
2009,1,Santa Cruz,1011,0,NA,NA,2009-01-01
2009,1,Isthmus,345,0,NA,NA,2009-01-01
2009,1,Santa Rosa,16,0,NA,NA,2009-01-01
2009,2,Anacapa,413,18,NA,NA,2009-02-01
2009,2,Santa Barbara,0,0,NA,NA,2009-02-01
2009,2,San Miguel,0,0,NA,NA,2009-02-01
2009,2,Santa Cruz,1201,285,NA,NA,2009-02-01
2009,2,Isthmus,237,0,NA,NA,2009-02-01
2009,2,Santa Rosa,2,0,NA,NA,2009-02-01
2009,3,Anacapa,1023,53,NA,NA,2009-03-01
2009,3,Santa Barbara,0,0,NA,NA,2009-03-01
2009,3,San Miguel,27,0,NA,NA,2009-03-01
2009,3,Santa Cruz,2018,754,NA,NA,2009-03-01
2009,3,Isthmus,527,0,NA,NA,2009-03-01
2009,3,Santa Rosa,35,0,NA,NA,2009-03-01
2009,4,Anacapa,1188,48,NA,NA,2009-04-01
2009,4,Santa Barbara,0,0,NA,NA,2009-04-01
2009,4,San Miguel,8,0,NA,NA,2009-04-01
2009,4,Santa Cruz,3251,1334,NA,NA,2009-04-01
2009,4,Isthmus,411,0,NA,NA,2009-04-01
2009,4,Santa Rosa,243,140,NA,NA,2009-04-01
2009,5,Anacapa,1512,16,NA,NA,2009-05-01
2009,5,Santa Barbara,0,0,NA,NA,2009-05-01
2009,5,San Miguel,322,81,NA,NA,2009-05-01
2009,5,Santa Cruz,6693,2115,NA,NA,2009-05-01
2009,5,Isthmus,958,0,NA,NA,2009-05-01
2009,5,Santa Rosa,543,223,NA,NA,2009-05-01
2009,6,Anacapa,1700,51,NA,NA,2009-06-01
2009,6,Santa Barbara,123,0,NA,NA,2009-06-01
2009,6,San Miguel,61,2,NA,NA,2009-06-01
2009,6,Santa Cruz,5471,2027,NA,NA,2009-06-01
2009,6,Isthmus,758,0,NA,NA,2009-06-01
2009,6,Santa Rosa,464,221,NA,NA,2009-06-01
2009,7,Anacapa,1850,111,NA,NA,2009-07-01
2009,7,Santa Barbara,0,0,NA,NA,2009-07-01
2009,7,San Miguel,191,66,NA,NA,2009-07-01
2009,7,Santa Cruz,6758,3082,NA,NA,2009-07-01
2009,7,Isthmus,750,29,NA,NA,2009-07-01
2009,7,Santa Rosa,620,349,NA,NA,2009-07-01
2009,8,Anacapa,1639,201,NA,NA,2009-08-01
2009,8,Santa Barbara,83,0,NA,NA,2009-08-01
2009,8,San Miguel,312,36,NA,NA,2009-08-01
2009,8,Santa Cruz,7818,3434,NA,NA,2009-08-01
2009,8,Isthmus,825,265,NA,NA,2009-08-01
2009,8,Santa Rosa,759,442,NA,NA,2009-08-01
2009,9,Anacapa,810,79,NA,NA,2009-09-01
2009,9,Santa Barbara,55,0,NA,NA,2009-09-01
2009,9,San Miguel,305,73,NA,NA,2009-09-01
2009,9,Santa Cruz,5952,2423,NA,NA,2009-09-01
2009,9,Isthmus,344,39,NA,NA,2009-09-01
2009,9,Santa Rosa,618,371,NA,NA,2009-09-01
2009,10,Anacapa,0,0,NA,NA,2009-10-01
2009,10,Santa Barbara,107,37,NA,NA,2009-10-01
2009,10,San Miguel,161,47,NA,NA,2009-10-01
2009,10,Santa Cruz,4207,1546,NA,NA,2009-10-01
2009,10,Isthmus,465,24,NA,NA,2009-10-01
2009,10,Santa Rosa,254,159,NA,NA,2009-10-01
2009,11,Anacapa,0,0,NA,NA,2009-11-01
2009,11,Santa Barbara,165,122,NA,NA,2009-11-01
2009,11,San Miguel,16,0,NA,NA,2009-11-01
2009,11,Santa Cruz,1912,0,NA,NA,2009-11-01
2009,11,Isthmus,0,0,NA,NA,2009-11-01
2009,11,Santa Rosa,26,2,NA,NA,2009-11-01
2009,12,Anacapa,0,0,NA,NA,2009-12-01
2009,12,Santa Barbara,10,1,NA,NA,2009-12-01
2009,12,San Miguel,6,0,NA,NA,2009-12-01
2009,12,Santa Cruz,1184,248,NA,NA,2009-12-01
2009,12,Isthmus,293,0,NA,NA,2009-12-01
2009,12,Santa Rosa,0,0,NA,NA,2009-12-01
2010,1,Anacapa,307,0,NA,NA,2010-01-01
2010,1,Santa Barbara,3,0,NA,NA,2010-01-01
2010,1,San Miguel,10,0,NA,NA,2010-01-01
2010,1,Santa Cruz,794,140,NA,NA,2010-01-01
2010,1,Isthmus,157,0,NA,NA,2010-01-01
2010,1,Santa Rosa,10,0,NA,NA,2010-01-01
2010,2,Anacapa,929,11,NA,NA,2010-02-01
2010,2,Santa Barbara,0,0,NA,NA,2010-02-01
2010,2,San Miguel,0,43,NA,NA,2010-02-01
2010,2,Santa Cruz,1092,185,NA,NA,2010-02-01
2010,2,Isthmus,15,0,NA,NA,2010-02-01
2010,2,Santa Rosa,21,0,NA,NA,2010-02-01
2010,3,Anacapa,1317,0,NA,NA,2010-03-01
2010,3,Santa Barbara,82,0,NA,NA,2010-03-01
2010,3,San Miguel,8,8,NA,NA,2010-03-01
2010,3,Santa Cruz,2834,1085,NA,NA,2010-03-01
2010,3,Isthmus,160,6,NA,NA,2010-03-01
2010,3,Santa Rosa,30,0,NA,NA,2010-03-01
2010,4,Anacapa,653,0,NA,NA,2010-04-01
2010,4,Santa Barbara,38,0,NA,NA,2010-04-01
2010,4,San Miguel,0,0,NA,NA,2010-04-01
2010,4,Santa Cruz,5302,1177,NA,NA,2010-04-01
2010,4,Isthmus,312,102,NA,NA,2010-04-01
2010,4,Santa Rosa,48,3,NA,NA,2010-04-01
2010,5,Anacapa,900,0,NA,NA,2010-05-01
2010,5,Santa Barbara,11,0,NA,NA,2010-05-01
2010,5,San Miguel,123,80,NA,NA,2010-05-01
2010,5,Santa Cruz,5973,1863,NA,NA,2010-05-01
2010,5,Isthmus,0,0,NA,NA,2010-05-01
2010,5,Santa Rosa,299,146,NA,NA,2010-05-01
2010,6,Anacapa,789,0,NA,NA,2010-06-01
2010,6,Santa Barbara,292,102,NA,NA,2010-06-01
2010,6,San Miguel,143,72,NA,NA,2010-06-01
2010,6,Santa Cruz,6854,1881,NA,NA,2010-06-01
2010,6,Isthmus,742,41,NA,NA,2010-06-01
2010,6,Santa Rosa,308,168,NA,NA,2010-06-01
2010,7,Anacapa,72,0,NA,NA,2010-07-01
2010,7,Santa Barbara,176,44,NA,NA,2010-07-01
2010,7,San Miguel,339,339,NA,NA,2010-07-01
2010,7,Santa Cruz,2995,9606,NA,NA,2010-07-01
2010,7,Isthmus,0,0,NA,NA,2010-07-01
2010,7,Santa Rosa,481,239,NA,NA,2010-07-01
2010,8,Anacapa,24,0,NA,NA,2010-08-01
2010,8,Santa Barbara,72,0,NA,NA,2010-08-01
2010,8,San Miguel,228,112,NA,NA,2010-08-01
2010,8,Santa Cruz,10406,3288,NA,NA,2010-08-01
2010,8,Isthmus,94,8,NA,NA,2010-08-01
2010,8,Santa Rosa,444,271,NA,NA,2010-08-01
2010,9,Anacapa,92,0,NA,NA,2010-09-01
2010,9,Santa Barbara,80,45,NA,NA,2010-09-01
2010,9,San Miguel,431,431,NA,NA,2010-09-01
2010,9,Santa Cruz,2632,7174,NA,NA,2010-09-01
2010,9,Isthmus,88,21,NA,NA,2010-09-01
2010,9,Santa Rosa,506,195,NA,NA,2010-09-01
2010,10,Anacapa,0,0,NA,NA,2010-10-01
2010,10,Santa Barbara,150,86,NA,NA,2010-10-01
2010,10,San Miguel,196,196,NA,NA,2010-10-01
2010,10,Santa Cruz,1520,4570,NA,NA,2010-10-01
2010,10,Isthmus,94,28,NA,NA,2010-10-01
2010,10,Santa Rosa,273,96,NA,NA,2010-10-01
2010,11,Anacapa,0,0,NA,NA,2010-11-01
2010,11,Santa Barbara,11,9,NA,NA,2010-11-01
2010,11,San Miguel,17,6,NA,NA,2010-11-01
2010,11,Santa Cruz,2557,3224,NA,NA,2010-11-01
2010,11,Isthmus,346,0,NA,NA,2010-11-01
2010,11,Santa Rosa,11,0,NA,NA,2010-11-01
2010,12,Anacapa,0,0,NA,NA,2010-12-01
2010,12,Santa Barbara,10,0,NA,NA,2010-12-01
2010,12,San Miguel,0,0,NA,NA,2010-12-01
2010,12,Santa Cruz,1159,176,NA,NA,2010-12-01
2010,12,Isthmus,293,0,NA,NA,2010-12-01
2010,12,Santa Rosa,15,0,NA,NA,2010-12-01
2011,1,Anacapa,4,0,NA,NA,2011-01-01
2011,1,Santa Barbara,0,0,NA,NA,2011-01-01
2011,1,San Miguel,0,0,NA,NA,2011-01-01
2011,1,Santa Cruz,1218,204,NA,NA,2011-01-01
2011,1,Isthmus,211,0,NA,NA,2011-01-01
2011,1,Santa Rosa,14,0,NA,NA,2011-01-01
2011,2,Anacapa,0,0,NA,NA,2011-02-01
2011,2,Santa Barbara,0,0,NA,NA,2011-02-01
2011,2,San Miguel,5,0,NA,NA,2011-02-01
2011,2,Santa Cruz,1105,249,NA,NA,2011-02-01
2011,2,Isthmus,0,26,NA,NA,2011-02-01
2011,2,Santa Rosa,5,0,NA,NA,2011-02-01
2011,3,Anacapa,1085,0,NA,NA,2011-03-01
2011,3,Santa Barbara,11,0,NA,NA,2011-03-01
2011,3,San Miguel,3,0,NA,NA,2011-03-01
2011,3,Santa Cruz,669,2547,NA,NA,2011-03-01
2011,3,Isthmus,26,3,NA,NA,2011-03-01
2011,3,Santa Rosa,15,0,NA,NA,2011-03-01
2011,4,Anacapa,379,0,NA,NA,2011-04-01
2011,4,Santa Barbara,47,0,NA,NA,2011-04-01
2011,4,San Miguel,23,0,NA,NA,2011-04-01
2011,4,Santa Cruz,5178,1809,NA,NA,2011-04-01
2011,4,Isthmus,0,0,NA,NA,2011-04-01
2011,4,Santa Rosa,30,0,NA,NA,2011-04-01
2011,5,Anacapa,774,0,NA,NA,2011-05-01
2011,5,Santa Barbara,62,0,NA,NA,2011-05-01
2011,5,San Miguel,29,0,NA,NA,2011-05-01
2011,5,Santa Cruz,3495,1236,NA,NA,2011-05-01
2011,5,Isthmus,0,0,NA,NA,2011-05-01
2011,5,Santa Rosa,42,8,NA,NA,2011-05-01
2011,6,Anacapa,0,0,NA,NA,2011-06-01
2011,6,Santa Barbara,208,120,NA,NA,2011-06-01
2011,6,San Miguel,173,52,NA,NA,2011-06-01
2011,6,Santa Cruz,4340,1359,NA,NA,2011-06-01
2011,6,Isthmus,0,0,NA,NA,2011-06-01
2011,6,Santa Rosa,389,249,NA,NA,2011-06-01
2011,7,Anacapa,1301,92,NA,NA,2011-07-01
2011,7,Santa Barbara,168,42,NA,NA,2011-07-01
2011,7,San Miguel,219,57,NA,NA,2011-07-01
2011,7,Santa Cruz,8771,2685,NA,NA,2011-07-01
2011,7,Isthmus,0,0,NA,NA,2011-07-01
2011,7,Santa Rosa,595,290,NA,NA,2011-07-01
2011,8,Anacapa,728,127,NA,NA,2011-08-01
2011,8,Santa Barbara,303,120,NA,NA,2011-08-01
2011,8,San Miguel,156,39,NA,NA,2011-08-01
2011,8,Santa Cruz,6985,2895,NA,NA,2011-08-01
2011,8,Isthmus,564,0,NA,NA,2011-08-01
2011,8,Santa Rosa,868,338,NA,NA,2011-08-01
2011,9,Anacapa,188,42,NA,NA,2011-09-01
2011,9,Santa Barbara,179,51,NA,NA,2011-09-01
2011,9,San Miguel,310,33,NA,NA,2011-09-01
2011,9,Santa Cruz,2735,2787,NA,NA,2011-09-01
2011,9,Isthmus,0,0,NA,NA,2011-09-01
2011,9,Santa Rosa,691,245,NA,NA,2011-09-01
2011,10,Anacapa,0,0,NA,NA,2011-10-01
2011,10,Santa Barbara,146,59,NA,NA,2011-10-01
2011,10,San Miguel,201,42,NA,NA,2011-10-01
2011,10,Santa Cruz,4071,2892,NA,NA,2011-10-01
2011,10,Isthmus,0,0,NA,NA,2011-10-01
2011,10,Santa Rosa,366,223,NA,NA,2011-10-01
2011,11,Anacapa,0,0,NA,NA,2011-11-01
2011,11,Santa Barbara,5,0,NA,NA,2011-11-01
2011,11,San Miguel,3,0,NA,NA,2011-11-01
2011,11,Santa Cruz,1172,811,NA,NA,2011-11-01
2011,11,Isthmus,0,0,NA,NA,2011-11-01
2011,11,Santa Rosa,20,0,NA,NA,2011-11-01
2011,12,Anacapa,0,0,NA,NA,2011-12-01
2011,12,Santa Barbara,5,0,NA,NA,2011-12-01
2011,12,San Miguel,12,0,NA,NA,2011-12-01
2011,12,Santa Cruz,1323,1128,NA,NA,2011-12-01
2011,12,Isthmus,0,0,NA,NA,2011-12-01
2011,12,Santa Rosa,35,0,NA,NA,2011-12-01
2012,1,Anacapa,112,5,NA,NA,2012-01-01
2012,1,Santa Barbara,6,0,NA,NA,2012-01-01
2012,1,San Miguel,0,0,NA,NA,2012-01-01
2012,1,Santa Cruz,1340,224,NA,NA,2012-01-01
2012,1,Isthmus,93,0,NA,NA,2012-01-01
2012,1,Santa Rosa,15,0,NA,NA,2012-01-01
2012,2,Anacapa,1346,0,NA,NA,2012-02-01
2012,2,Santa Barbara,0,0,NA,NA,2012-02-01
2012,2,San Miguel,13,0,NA,NA,2012-02-01
2012,2,Santa Cruz,1626,341,NA,NA,2012-02-01
2012,2,Isthmus,166,0,NA,NA,2012-02-01
2012,2,Santa Rosa,82,12,NA,NA,2012-02-01
2012,3,Anacapa,808,4,NA,NA,2012-03-01
2012,3,Santa Barbara,62,0,NA,NA,2012-03-01
2012,3,San Miguel,0,0,NA,NA,2012-03-01
2012,3,Santa Cruz,2866,828,NA,NA,2012-03-01
2012,3,Isthmus,230,0,NA,NA,2012-03-01
2012,3,Santa Rosa,111,9,NA,NA,2012-03-01
2012,4,Anacapa,690,35,NA,NA,2012-04-01
2012,4,Santa Barbara,124,0,NA,NA,2012-04-01
2012,4,San Miguel,9,0,NA,NA,2012-04-01
2012,4,Santa Cruz,3145,962,NA,NA,2012-04-01
2012,4,Isthmus,175,0,NA,NA,2012-04-01
2012,4,Santa Rosa,351,83,NA,NA,2012-04-01
2012,5,Anacapa,1224,15,NA,NA,2012-05-01
2012,5,Santa Barbara,48,44,NA,NA,2012-05-01
2012,5,San Miguel,26,0,NA,NA,2012-05-01
2012,5,Santa Cruz,5393,1471,NA,NA,2012-05-01
2012,5,Isthmus,389,0,NA,NA,2012-05-01
2012,5,Santa Rosa,307,148,NA,NA,2012-05-01
2012,6,Anacapa,1135,77,NA,NA,2012-06-01
2012,6,Santa Barbara,149,66,NA,NA,2012-06-01
2012,6,San Miguel,61,22,NA,NA,2012-06-01
2012,6,Santa Cruz,8266,2546,NA,NA,2012-06-01
2012,6,Isthmus,265,0,NA,NA,2012-06-01
2012,6,Santa Rosa,214,92,NA,NA,2012-06-01
2012,7,Anacapa,931,24,NA,NA,2012-07-01
2012,7,Santa Barbara,175,48,NA,NA,2012-07-01
2012,7,San Miguel,254,56,NA,NA,2012-07-01
2012,7,Santa Cruz,9291,3201,NA,NA,2012-07-01
2012,7,Isthmus,297,0,NA,NA,2012-07-01
2012,7,Santa Rosa,832,443,NA,NA,2012-07-01
2012,8,Anacapa,933,54,NA,NA,2012-08-01
2012,8,Santa Barbara,120,132,NA,NA,2012-08-01
2012,8,San Miguel,195,76,NA,NA,2012-08-01
2012,8,Santa Cruz,8558,2891,NA,NA,2012-08-01
2012,8,Isthmus,249,0,NA,NA,2012-08-01
2012,8,Santa Rosa,774,471,NA,NA,2012-08-01
2012,9,Anacapa,727,0,NA,NA,2012-09-01
2012,9,Santa Barbara,170,60,NA,NA,2012-09-01
2012,9,San Miguel,272,26,NA,NA,2012-09-01
2012,9,Santa Cruz,5920,2194,NA,NA,2012-09-01
2012,9,Isthmus,217,0,NA,NA,2012-09-01
2012,9,Santa Rosa,695,320,NA,NA,2012-09-01
2012,10,Anacapa,157,4,NA,NA,2012-10-01
2012,10,Santa Barbara,85,0,NA,NA,2012-10-01
2012,10,San Miguel,132,52,NA,NA,2012-10-01
2012,10,Santa Cruz,4662,1303,NA,NA,2012-10-01
2012,10,Isthmus,209,0,NA,NA,2012-10-01
2012,10,Santa Rosa,539,246,NA,NA,2012-10-01
2012,11,Anacapa,483,0,NA,NA,2012-11-01
2012,11,Santa Barbara,40,60,NA,NA,2012-11-01
2012,11,San Miguel,0,0,NA,NA,2012-11-01
2012,11,Santa Cruz,2860,885,NA,NA,2012-11-01
2012,11,Isthmus,0,0,NA,NA,2012-11-01
2012,11,Santa Rosa,104,40,NA,NA,2012-11-01
2012,12,Anacapa,237,0,NA,NA,2012-12-01
2012,12,Santa Barbara,3,0,NA,NA,2012-12-01
2012,12,San Miguel,0,0,NA,NA,2012-12-01
2012,12,Santa Cruz,998,267,NA,NA,2012-12-01
2012,12,Isthmus,0,0,NA,NA,2012-12-01
2012,12,Santa Rosa,100,8,NA,NA,2012-12-01
2013,1,Anacapa,49,0,NA,NA,2013-01-01
2013,1,Santa Barbara,12,0,NA,NA,2013-01-01
2013,1,San Miguel,0,0,NA,NA,2013-01-01
2013,1,Santa Cruz,1213,370,NA,NA,2013-01-01
2013,1,Isthmus,183,0,NA,NA,2013-01-01
2013,1,Santa Rosa,47,12,NA,NA,2013-01-01
2013,2,Anacapa,429,0,NA,NA,2013-02-01
2013,2,Santa Barbara,0,0,NA,NA,2013-02-01
2013,2,San Miguel,2,0,NA,NA,2013-02-01
2013,2,Santa Cruz,1654,249,NA,NA,2013-02-01
2013,2,Isthmus,116,0,NA,NA,2013-02-01
2013,2,Santa Rosa,85,12,NA,NA,2013-02-01
2013,3,Anacapa,1101,0,NA,NA,2013-03-01
2013,3,Santa Barbara,65,0,NA,NA,2013-03-01
2013,3,San Miguel,0,0,NA,NA,2013-03-01
2013,3,Santa Cruz,4829,1592,NA,NA,2013-03-01
2013,3,Isthmus,485,0,NA,NA,2013-03-01
2013,3,Santa Rosa,142,30,NA,NA,2013-03-01
2013,4,Anacapa,725,0,NA,NA,2013-04-01
2013,4,Santa Barbara,42,0,NA,NA,2013-04-01
2013,4,San Miguel,2,0,NA,NA,2013-04-01
2013,4,Santa Cruz,3974,1298,NA,NA,2013-04-01
2013,4,Isthmus,949,8,NA,NA,2013-04-01
2013,4,Santa Rosa,245,68,NA,NA,2013-04-01
2013,5,Anacapa,1101,2,NA,NA,2013-05-01
2013,5,Santa Barbara,45,0,NA,NA,2013-05-01
2013,5,San Miguel,72,51,NA,NA,2013-05-01
2013,5,Santa Cruz,5815,1647,NA,NA,2013-05-01
2013,5,Isthmus,0,0,NA,NA,2013-05-01
2013,5,Santa Rosa,371,210,NA,NA,2013-05-01
2013,6,Anacapa,1120,6,NA,NA,2013-06-01
2013,6,Santa Barbara,9,0,NA,NA,2013-06-01
2013,6,San Miguel,159,29,NA,NA,2013-06-01
2013,6,Santa Cruz,8871,2244,NA,NA,2013-06-01
2013,6,Isthmus,341,0,NA,NA,2013-06-01
2013,6,Santa Rosa,1080,497,NA,NA,2013-06-01
2013,7,Anacapa,1319,0,NA,NA,2013-07-01
2013,7,Santa Barbara,24,20,NA,NA,2013-07-01
2013,7,San Miguel,410,108,NA,NA,2013-07-01
2013,7,Santa Cruz,10049,2856,NA,NA,2013-07-01
2013,7,Isthmus,0,0,NA,NA,2013-07-01
2013,7,Santa Rosa,840,551,NA,NA,2013-07-01
2013,8,Anacapa,1139,0,NA,NA,2013-08-01
2013,8,Santa Barbara,103,0,NA,NA,2013-08-01
2013,8,San Miguel,246,136,NA,NA,2013-08-01
2013,8,Santa Cruz,8662,2894,NA,NA,2013-08-01
2013,8,Isthmus,326,0,NA,NA,2013-08-01
2013,8,Santa Rosa,1089,773,NA,NA,2013-08-01
2013,9,Anacapa,659,0,NA,NA,2013-09-01
2013,9,Santa Barbara,195,97,NA,NA,2013-09-01
2013,9,San Miguel,292,93,NA,NA,2013-09-01
2013,9,Santa Cruz,5106,2318,NA,NA,2013-09-01
2013,9,Isthmus,0,0,NA,NA,2013-09-01
2013,9,Santa Rosa,958,476,NA,NA,2013-09-01
2013,10,Anacapa,203,0,NA,NA,2013-10-01
2013,10,Santa Barbara,96,32,NA,NA,2013-10-01
2013,10,San Miguel,97,0,NA,NA,2013-10-01
2013,10,Santa Cruz,2056,610,NA,NA,2013-10-01
2013,10,Isthmus,0,0,NA,NA,2013-10-01
2013,10,Santa Rosa,261,117,NA,NA,2013-10-01
2013,11,Anacapa,306,0,NA,NA,2013-11-01
2013,11,Santa Barbara,7,7,NA,NA,2013-11-01
2013,11,San Miguel,8,0,NA,NA,2013-11-01
2013,11,Santa Cruz,2758,839,NA,NA,2013-11-01
2013,11,Isthmus,0,0,NA,NA,2013-11-01
2013,11,Santa Rosa,236,50,NA,NA,2013-11-01
2013,12,Anacapa,383,0,NA,NA,2013-12-01
2013,12,Santa Barbara,8,0,NA,NA,2013-12-01
2013,12,San Miguel,0,0,NA,NA,2013-12-01
2013,12,Santa Cruz,2052,489,NA,NA,2013-12-01
2013,12,Isthmus,0,0,NA,NA,2013-12-01
2013,12,Santa Rosa,16,0,NA,NA,2013-12-01
2014,1,Anacapa,203,0,NA,NA,2014-01-01
2014,1,Santa Barbara,9,0,NA,NA,2014-01-01
2014,1,San Miguel,2,0,NA,NA,2014-01-01
2014,1,Santa Cruz,2050,267,NA,NA,2014-01-01
2014,1,Isthmus,167,0,NA,NA,2014-01-01
2014,1,Santa Rosa,31,0,NA,NA,2014-01-01
2014,2,Anacapa,386,0,NA,NA,2014-02-01
2014,2,Santa Barbara,0,0,NA,NA,2014-02-01
2014,2,San Miguel,31,0,NA,NA,2014-02-01
2014,2,Santa Cruz,1797,364,NA,NA,2014-02-01
2014,2,Isthmus,255,0,NA,NA,2014-02-01
2014,2,Santa Rosa,43,0,NA,NA,2014-02-01
2014,3,Anacapa,676,18,NA,NA,2014-03-01
2014,3,Santa Barbara,2,0,NA,NA,2014-03-01
2014,3,San Miguel,100,6,NA,NA,2014-03-01
2014,3,Santa Cruz,4364,1437,NA,NA,2014-03-01
2014,3,Isthmus,670,152,NA,NA,2014-03-01
2014,3,Santa Rosa,59,0,NA,NA,2014-03-01
2014,4,Anacapa,1130,0,NA,NA,2014-04-01
2014,4,Santa Barbara,1,0,NA,NA,2014-04-01
2014,4,San Miguel,41,0,NA,NA,2014-04-01
2014,4,Santa Cruz,5064,1623,NA,NA,2014-04-01
2014,4,Isthmus,554,0,NA,NA,2014-04-01
2014,4,Santa Rosa,350,195,NA,NA,2014-04-01
2014,5,Anacapa,1664,0,NA,NA,2014-05-01
2014,5,Santa Barbara,0,0,NA,NA,2014-05-01
2014,5,San Miguel,0,0,NA,NA,2014-05-01
2014,5,Santa Cruz,6887,2009,NA,NA,2014-05-01
2014,5,Isthmus,706,0,NA,NA,2014-05-01
2014,5,Santa Rosa,734,473,NA,NA,2014-05-01
2014,6,Anacapa,1119,0,NA,NA,2014-06-01
2014,6,Santa Barbara,76,0,NA,NA,2014-06-01
2014,6,San Miguel,0,0,NA,NA,2014-06-01
2014,6,Santa Cruz,8224,2261,NA,NA,2014-06-01
2014,6,Isthmus,503,0,NA,NA,2014-06-01
2014,6,Santa Rosa,898,486,NA,NA,2014-06-01
2014,7,Anacapa,1053,0,NA,NA,2014-07-01
2014,7,Santa Barbara,186,45,NA,NA,2014-07-01
2014,7,San Miguel,0,0,NA,NA,2014-07-01
2014,7,Santa Cruz,10566,3488,NA,NA,2014-07-01
2014,7,Isthmus,268,0,NA,NA,2014-07-01
2014,7,Santa Rosa,925,573,NA,NA,2014-07-01
2014,8,Anacapa,1078,0,NA,NA,2014-08-01
2014,8,Santa Barbara,142,56,NA,NA,2014-08-01
2014,8,San Miguel,0,0,NA,NA,2014-08-01
2014,8,Santa Cruz,10134,3455,NA,NA,2014-08-01
2014,8,Isthmus,736,0,NA,NA,2014-08-01
2014,8,Santa Rosa,550,696,NA,NA,2014-08-01
2014,9,Anacapa,373,0,NA,NA,2014-09-01
2014,9,Santa Barbara,0,0,NA,NA,2014-09-01
2014,9,San Miguel,0,0,NA,NA,2014-09-01
2014,9,Santa Cruz,6936,2565,NA,NA,2014-09-01
2014,9,Isthmus,209,0,NA,NA,2014-09-01
2014,9,Santa Rosa,664,387,NA,NA,2014-09-01
2014,10,Anacapa,337,0,NA,NA,2014-10-01
2014,10,Santa Barbara,0,0,NA,NA,2014-10-01
2014,10,San Miguel,0,0,NA,NA,2014-10-01
2014,10,Santa Cruz,4522,1331,NA,NA,2014-10-01
2014,10,Isthmus,284,0,NA,NA,2014-10-01
2014,10,Santa Rosa,434,0,NA,NA,2014-10-01
2014,11,Anacapa,705,0,NA,NA,2014-11-01
2014,11,Santa Barbara,0,0,NA,NA,2014-11-01
2014,11,San Miguel,0,0,NA,NA,2014-11-01
2014,11,Santa Cruz,3235,795,NA,NA,2014-11-01
2014,11,Isthmus,591,0,NA,NA,2014-11-01
2014,11,Santa Rosa,130,23,NA,NA,2014-11-01
2014,12,Anacapa,284,0,NA,NA,2014-12-01
2014,12,Santa Barbara,3,0,NA,NA,2014-12-01
2014,12,San Miguel,0,0,NA,NA,2014-12-01
2014,12,Santa Cruz,1453,515,NA,NA,2014-12-01
2014,12,Isthmus,472,0,NA,NA,2014-12-01
2014,12,Santa Rosa,42,0,NA,NA,2014-12-01
2015,1,Anacapa,122,0,NA,NA,2015-01-01
2015,1,Santa Barbara,7,0,NA,NA,2015-01-01
2015,1,San Miguel,0,0,NA,NA,2015-01-01
2015,1,Santa Cruz,1898,304,NA,NA,2015-01-01
2015,1,Isthmus,440,114,NA,NA,2015-01-01
2015,1,Santa Rosa,27,0,NA,NA,2015-01-01
2015,2,Anacapa,720,0,NA,NA,2015-02-01
2015,2,Santa Barbara,2,0,NA,NA,2015-02-01
2015,2,San Miguel,5,0,NA,NA,2015-02-01
2015,2,Santa Cruz,2270,326,NA,NA,2015-02-01
2015,2,Isthmus,493,0,NA,NA,2015-02-01
2015,2,Santa Rosa,54,0,NA,NA,2015-02-01
2015,3,Anacapa,1125,0,NA,NA,2015-03-01
2015,3,Santa Barbara,18,0,NA,NA,2015-03-01
2015,3,San Miguel,0,0,NA,NA,2015-03-01
2015,3,Santa Cruz,4869,1601,NA,NA,2015-03-01
2015,3,Isthmus,569,0,NA,NA,2015-03-01
2015,3,Santa Rosa,97,20,NA,NA,2015-03-01
2015,4,Anacapa,606,0,NA,NA,2015-04-01
2015,4,Santa Barbara,25,0,NA,NA,2015-04-01
2015,4,San Miguel,0,0,NA,NA,2015-04-01
2015,4,Santa Cruz,4514,1423,NA,NA,2015-04-01
2015,4,Isthmus,429,0,NA,NA,2015-04-01
2015,4,Santa Rosa,437,115,NA,NA,2015-04-01
2015,5,Anacapa,1614,161,NA,NA,2015-05-01
2015,5,Santa Barbara,78,75,NA,NA,2015-05-01
2015,5,San Miguel,0,0,NA,NA,2015-05-01
2015,5,Santa Cruz,7203,1827,NA,NA,2015-05-01
2015,5,Isthmus,695,0,NA,NA,2015-05-01
2015,5,Santa Rosa,466,197,NA,NA,2015-05-01
2015,6,Anacapa,1082,62,NA,NA,2015-06-01
2015,6,Santa Barbara,51,15,NA,NA,2015-06-01
2015,6,San Miguel,0,0,NA,NA,2015-06-01
2015,6,Santa Cruz,9231,2571,NA,NA,2015-06-01
2015,6,Isthmus,370,8,NA,NA,2015-06-01
2015,6,Santa Rosa,578,298,NA,NA,2015-06-01
2015,7,Anacapa,869,98,NA,NA,2015-07-01
2015,7,Santa Barbara,132,64,NA,NA,2015-07-01
2015,7,San Miguel,0,0,NA,NA,2015-07-01
2015,7,Santa Cruz,11523,3582,NA,NA,2015-07-01
2015,7,Isthmus,582,0,NA,NA,2015-07-01
2015,7,Santa Rosa,735,419,NA,NA,2015-07-01
2015,8,Anacapa,960,55,NA,NA,2015-08-01
2015,8,Santa Barbara,50,12,NA,NA,2015-08-01
2015,8,San Miguel,0,0,NA,NA,2015-08-01
2015,8,Santa Cruz,10073,2661,NA,NA,2015-08-01
2015,8,Isthmus,592,2,NA,NA,2015-08-01
2015,8,Santa Rosa,745,510,NA,NA,2015-08-01
2015,9,Anacapa,537,39,NA,NA,2015-09-01
2015,9,Santa Barbara,196,90,NA,NA,2015-09-01
2015,9,San Miguel,0,0,NA,NA,2015-09-01
2015,9,Santa Cruz,4491,3408,NA,NA,2015-09-01
2015,9,Isthmus,650,4,NA,NA,2015-09-01
2015,9,Santa Rosa,446,325,NA,NA,2015-09-01
2015,10,Anacapa,442,30,NA,NA,2015-10-01
2015,10,Santa Barbara,74,35,NA,NA,2015-10-01
2015,10,San Miguel,0,0,NA,NA,2015-10-01
2015,10,Santa Cruz,5529,1771,NA,NA,2015-10-01
2015,10,Isthmus,688,6,NA,NA,2015-10-01
2015,10,Santa Rosa,398,136,NA,NA,2015-10-01
2015,11,Anacapa,283,13,NA,NA,2015-11-01
2015,11,Santa Barbara,13,15,NA,NA,2015-11-01
2015,11,San Miguel,0,0,NA,NA,2015-11-01
2015,11,Santa Cruz,2738,822,NA,NA,2015-11-01
2015,11,Isthmus,539,0,NA,NA,2015-11-01
2015,11,Santa Rosa,157,23,NA,NA,2015-11-01
2015,12,Anacapa,134,0,NA,NA,2015-12-01
2015,12,Santa Barbara,6,0,NA,NA,2015-12-01
2015,12,San Miguel,0,0,NA,NA,2015-12-01
2015,12,Santa Cruz,1031,221,NA,NA,2015-12-01
2015,12,Isthmus,815,0,NA,NA,2015-12-01
2015,12,Santa Rosa,42,2,NA,NA,2015-12-01
2016,1,Anacapa,172,3,NA,NA,2016-01-01
2016,1,Santa Barbara,0,0,NA,NA,2016-01-01
2016,1,San Miguel,0,0,NA,NA,2016-01-01
2016,1,Santa Cruz,518,274,NA,NA,2016-01-01
2016,1,Isthmus,286,23,NA,NA,2016-01-01
2016,1,Santa Rosa,27,2,NA,NA,2016-01-01
2016,2,Anacapa,524,16,NA,NA,2016-02-01
2016,2,Santa Barbara,0,0,NA,NA,2016-02-01
2016,2,San Miguel,0,0,NA,NA,2016-02-01
2016,2,Santa Cruz,1630,581,NA,NA,2016-02-01
2016,2,Isthmus,1035,0,NA,NA,2016-02-01
2016,2,Santa Rosa,54,5,NA,NA,2016-02-01
2016,3,Anacapa,585,33,NA,NA,2016-03-01
2016,3,Santa Barbara,0,0,NA,NA,2016-03-01
2016,3,San Miguel,0,0,NA,NA,2016-03-01
2016,3,Santa Cruz,2239,1078,NA,NA,2016-03-01
2016,3,Isthmus,1816,31,NA,NA,2016-03-01
2016,3,Santa Rosa,184,12,NA,NA,2016-03-01
2016,4,Anacapa,661,15,NA,NA,2016-04-01
2016,4,Santa Barbara,0,0,NA,NA,2016-04-01
2016,4,San Miguel,0,0,NA,NA,2016-04-01
2016,4,Santa Cruz,3461,1106,NA,NA,2016-04-01
2016,4,Isthmus,1226,2,NA,NA,2016-04-01
2016,4,Santa Rosa,599,92,NA,NA,2016-04-01
2016,5,Anacapa,1629,29,NA,NA,2016-05-01
2016,5,Santa Barbara,0,0,NA,NA,2016-05-01
2016,5,San Miguel,19,0,NA,NA,2016-05-01
2016,5,Santa Cruz,4297,2336,NA,NA,2016-05-01
2016,5,Isthmus,1532,0,NA,NA,2016-05-01
2016,5,Santa Rosa,504,207,NA,NA,2016-05-01
2016,6,Anacapa,863,33,NA,NA,2016-06-01
2016,6,Santa Barbara,0,0,NA,NA,2016-06-01
2016,6,San Miguel,85,15,NA,NA,2016-06-01
2016,6,Santa Cruz,8036,2895,NA,NA,2016-06-01
2016,6,Isthmus,1851,2,NA,NA,2016-06-01
2016,6,Santa Rosa,470,324,NA,NA,2016-06-01
2016,7,Anacapa,1151,82,NA,NA,2016-07-01
2016,7,Santa Barbara,0,0,NA,NA,2016-07-01
2016,7,San Miguel,78,0,NA,NA,2016-07-01
2016,7,Santa Cruz,10386,3183,NA,NA,2016-07-01
2016,7,Isthmus,1150,0,NA,NA,2016-07-01
2016,7,Santa Rosa,667,455,NA,NA,2016-07-01
2016,8,Anacapa,1169,46,NA,NA,2016-08-01
2016,8,Santa Barbara,0,0,NA,NA,2016-08-01
2016,8,San Miguel,70,15,NA,NA,2016-08-01
2016,8,Santa Cruz,11431,3535,NA,NA,2016-08-01
2016,8,Isthmus,657,0,NA,NA,2016-08-01
2016,8,Santa Rosa,945,558,NA,NA,2016-08-01
2016,9,Anacapa,609,67,NA,NA,2016-09-01
2016,9,Santa Barbara,0,0,NA,NA,2016-09-01
2016,9,San Miguel,164,2,NA,NA,2016-09-01
2016,9,Santa Cruz,8416,2944,NA,NA,2016-09-01
2016,9,Isthmus,5025,1,NA,NA,2016-09-01
2016,9,Santa Rosa,583,351,NA,NA,2016-09-01
2016,10,Anacapa,130,12,NA,NA,2016-10-01
2016,10,Santa Barbara,0,0,NA,NA,2016-10-01
2016,10,San Miguel,43,6,NA,NA,2016-10-01
2016,10,Santa Cruz,5487,1163,NA,NA,2016-10-01
2016,10,Isthmus,1376,1,NA,NA,2016-10-01
2016,10,Santa Rosa,400,144,NA,NA,2016-10-01
2016,11,Anacapa,106,3,NA,NA,2016-11-01
2016,11,Santa Barbara,0,0,NA,NA,2016-11-01
2016,11,San Miguel,18,0,NA,NA,2016-11-01
2016,11,Santa Cruz,2862,737,NA,NA,2016-11-01
2016,11,Isthmus,1015,0,NA,NA,2016-11-01
2016,11,Santa Rosa,129,27,NA,NA,2016-11-01
2016,12,Anacapa,262,0,NA,NA,2016-12-01
2016,12,Santa Barbara,0,0,NA,NA,2016-12-01
2016,12,San Miguel,18,1,NA,NA,2016-12-01
2016,12,Santa Cruz,2461,496,NA,NA,2016-12-01
2016,12,Isthmus,623,0,NA,NA,2016-12-01
2016,12,Santa Rosa,47,2,NA,NA,2016-12-01
2017,1,Anacapa,102,2,NA,NA,2017-01-01
2017,1,Santa Barbara,0,0,NA,NA,2017-01-01
2017,1,San Miguel,12,0,NA,NA,2017-01-01
2017,1,Santa Cruz,1515,293,NA,NA,2017-01-01
2017,1,Isthmus,265,27,NA,NA,2017-01-01
2017,1,Santa Rosa,74,3,NA,NA,2017-01-01
2017,2,Anacapa,261,3,NA,NA,2017-02-01
2017,2,Santa Barbara,0,0,NA,NA,2017-02-01
2017,2,San Miguel,3,0,NA,NA,2017-02-01
2017,2,Santa Cruz,1683,217,NA,NA,2017-02-01
2017,2,Isthmus,163,0,NA,NA,2017-02-01
2017,2,Santa Rosa,64,6,NA,NA,2017-02-01
2017,3,Anacapa,583,17,NA,NA,2017-03-01
2017,3,Santa Barbara,0,0,NA,NA,2017-03-01
2017,3,San Miguel,2,0,NA,NA,2017-03-01
2017,3,Santa Cruz,4525,1100,NA,NA,2017-03-01
2017,3,Isthmus,844,37,NA,NA,2017-03-01
2017,3,Santa Rosa,653,192,NA,NA,2017-03-01
2017,4,Anacapa,522,16,NA,NA,2017-04-01
2017,4,Santa Barbara,0,0,NA,NA,2017-04-01
2017,4,San Miguel,0,0,NA,NA,2017-04-01
2017,4,Santa Cruz,5600,1322,NA,NA,2017-04-01
2017,4,Isthmus,989,2,NA,NA,2017-04-01
2017,4,Santa Rosa,1637,437,NA,NA,2017-04-01
2017,5,Anacapa,1273,69,NA,NA,2017-05-01
2017,5,Santa Barbara,0,0,NA,NA,2017-05-01
2017,5,San Miguel,51,0,NA,NA,2017-05-01
2017,5,Santa Cruz,7111,2325,NA,NA,2017-05-01
2017,5,Isthmus,834,0,NA,NA,2017-05-01
2017,5,Santa Rosa,1221,353,NA,NA,2017-05-01
2017,6,Anacapa,831,87,NA,NA,2017-06-01
2017,6,Santa Barbara,0,0,NA,NA,2017-06-01
2017,6,San Miguel,43,0,NA,NA,2017-06-01
2017,6,Santa Cruz,9681,2584,NA,NA,2017-06-01
2017,6,Isthmus,810,2,NA,NA,2017-06-01
2017,6,Santa Rosa,1218,380,NA,NA,2017-06-01
2017,7,Anacapa,992,62,NA,NA,2017-07-01
2017,7,Santa Barbara,0,0,NA,NA,2017-07-01
2017,7,San Miguel,292,172,NA,NA,2017-07-01
2017,7,Santa Cruz,11325,2807,NA,NA,2017-07-01
2017,7,Isthmus,819,0,NA,NA,2017-07-01
2017,7,Santa Rosa,1579,688,NA,NA,2017-07-01
2017,8,Anacapa,909,16,NA,NA,2017-08-01
2017,8,Santa Barbara,0,0,NA,NA,2017-08-01
2017,8,San Miguel,235,42,NA,NA,2017-08-01
2017,8,Santa Cruz,8682,2388,NA,NA,2017-08-01
2017,8,Isthmus,726,0,NA,NA,2017-08-01
2017,8,Santa Rosa,1463,661,NA,NA,2017-08-01
2017,9,Anacapa,703,38,NA,NA,2017-09-01
2017,9,Santa Barbara,0,0,NA,NA,2017-09-01
2017,9,San Miguel,194,60,NA,NA,2017-09-01
2017,9,Santa Cruz,7572,2584,NA,NA,2017-09-01
2017,9,Isthmus,637,0,NA,NA,2017-09-01
2017,9,Santa Rosa,1347,507,NA,NA,2017-09-01
2017,10,Anacapa,540,9,NA,NA,2017-10-01
2017,10,Santa Barbara,0,0,NA,NA,2017-10-01
2017,10,San Miguel,279,58,NA,NA,2017-10-01
2017,10,Santa Cruz,4089,1481,NA,NA,2017-10-01
2017,10,Isthmus,606,1,NA,NA,2017-10-01
2017,10,Santa Rosa,1404,536,NA,NA,2017-10-01
2017,11,Anacapa,487,3,NA,NA,2017-11-01
2017,11,Santa Barbara,0,0,NA,NA,2017-11-01
2017,11,San Miguel,33,0,NA,NA,2017-11-01
2017,11,Santa Cruz,3555,750,NA,NA,2017-11-01
2017,11,Isthmus,706,0,NA,NA,2017-11-01
2017,11,Santa Rosa,380,266,NA,NA,2017-11-01
2017,12,Anacapa,347,0,NA,NA,2017-12-01
2017,12,Santa Barbara,4,0,NA,NA,2017-12-01
2017,12,San Miguel,11,0,NA,NA,2017-12-01
2017,12,Santa Cruz,2533,398,NA,NA,2017-12-01
2017,12,Isthmus,324,0,NA,NA,2017-12-01
2017,12,Santa Rosa,49,2,NA,NA,2017-12-01
2018,1,Anacapa,118,1,NA,NA,2018-01-01
2018,1,Santa Barbara,6,0,NA,NA,2018-01-01
2018,1,San Miguel,15,0,NA,NA,2018-01-01
2018,1,Santa Cruz,1827,280,NA,NA,2018-01-01
2018,1,Isthmus,153,33,NA,NA,2018-01-01
2018,1,Santa Rosa,41,3,NA,NA,2018-01-01
2018,2,Anacapa,397,4,NA,NA,2018-02-01
2018,2,Santa Barbara,0,0,NA,NA,2018-02-01
2018,2,San Miguel,6,0,NA,NA,2018-02-01
2018,2,Santa Cruz,2353,514,NA,NA,2018-02-01
2018,2,Isthmus,316,0,NA,NA,2018-02-01
2018,2,Santa Rosa,60,5,NA,NA,2018-02-01
2018,3,Anacapa,589,14,NA,NA,2018-03-01
2018,3,Santa Barbara,17,0,NA,NA,2018-03-01
2018,3,San Miguel,20,1,NA,NA,2018-03-01
2018,3,Santa Cruz,4119,1105,NA,NA,2018-03-01
2018,3,Isthmus,493,44,NA,NA,2018-03-01
2018,3,Santa Rosa,353,51,NA,NA,2018-03-01
2018,4,Anacapa,662,6,NA,NA,2018-04-01
2018,4,Santa Barbara,14,0,NA,NA,2018-04-01
2018,4,San Miguel,13,0,NA,NA,2018-04-01
2018,4,Santa Cruz,4387,1485,NA,NA,2018-04-01
2018,4,Isthmus,659,2,NA,NA,2018-04-01
2018,4,Santa Rosa,6682,181,NA,NA,2018-04-01
2018,5,Anacapa,1238,52,NA,NA,2018-05-01
2018,5,Santa Barbara,0,0,NA,NA,2018-05-01
2018,5,San Miguel,28,10,NA,NA,2018-05-01
2018,5,Santa Cruz,6830,1629,NA,NA,2018-05-01
2018,5,Isthmus,913,0,NA,NA,2018-05-01
2018,5,Santa Rosa,451,288,NA,NA,2018-05-01
2018,6,Anacapa,863,38,NA,NA,2018-06-01
2018,6,Santa Barbara,27,0,NA,NA,2018-06-01
2018,6,San Miguel,57,9,NA,NA,2018-06-01
2018,6,Santa Cruz,8115,2091,NA,NA,2018-06-01
2018,6,Isthmus,1120,2,NA,NA,2018-06-01
2018,6,Santa Rosa,542,45,NA,NA,2018-06-01
2018,7,Anacapa,953,0,NA,NA,2018-07-01
2018,7,Santa Barbara,0,0,NA,NA,2018-07-01
2018,7,San Miguel,142,135,NA,NA,2018-07-01
2018,7,Santa Cruz,11498,2624,NA,NA,2018-07-01
2018,7,Isthmus,1063,0,NA,NA,2018-07-01
2018,7,Santa Rosa,763,542,NA,NA,2018-07-01
2018,8,Anacapa,802,0,NA,NA,2018-08-01
2018,8,Santa Barbara,0,0,NA,NA,2018-08-01
2018,8,San Miguel,77,65,NA,NA,2018-08-01
2018,8,Santa Cruz,9100,2896,NA,NA,2018-08-01
2018,8,Isthmus,891,0,NA,NA,2018-08-01
2018,8,Santa Rosa,567,416,NA,NA,2018-08-01
2018,9,Anacapa,741,29,NA,NA,2018-09-01
2018,9,Santa Barbara,0,0,NA,NA,2018-09-01
2018,9,San Miguel,120,92,NA,NA,2018-09-01
2018,9,Santa Cruz,6009,2307,NA,NA,2018-09-01
2018,9,Isthmus,786,1,NA,NA,2018-09-01
2018,9,Santa Rosa,536,408,NA,NA,2018-09-01
2018,10,Anacapa,429,10,NA,NA,2018-10-01
2018,10,Santa Barbara,34,0,NA,NA,2018-10-01
2018,10,San Miguel,134,50,NA,NA,2018-10-01
2018,10,Santa Cruz,4371,1422,NA,NA,2018-10-01
2018,10,Isthmus,876,2,NA,NA,2018-10-01
2018,10,Santa Rosa,818,361,NA,NA,2018-10-01
2018,11,Anacapa,217,4,NA,NA,2018-11-01
2018,11,Santa Barbara,4,0,NA,NA,2018-11-01
2018,11,San Miguel,12,0,NA,NA,2018-11-01
2018,11,Santa Cruz,3631,1878,NA,NA,2018-11-01
2018,11,Isthmus,752,0,NA,NA,2018-11-01
2018,11,Santa Rosa,403,78,NA,NA,2018-11-01
2018,12,Anacapa,122,0,NA,NA,2018-12-01
2018,12,Santa Barbara,4,0,NA,NA,2018-12-01
2018,12,San Miguel,6,0,NA,NA,2018-12-01
2018,12,Santa Cruz,2985,333,NA,NA,2018-12-01
2018,12,Isthmus,368,0,NA,NA,2018-12-01
2018,12,Santa Rosa,39,1,NA,NA,2018-12-01
2019,1,Anacapa,88,6,51,1559,2019-01-01
2019,1,Santa Barbara,0,0,27,152,2019-01-01
2019,1,San Miguel,0,0,20,0,2019-01-01
2019,1,Santa Cruz,1851,552,55,349,2019-01-01
2019,1,Isthmus,195,118,NA,NA,2019-01-01
2019,1,Santa Rosa,40,15,46,125,2019-01-01
2019,2,Anacapa,150,34,5,3762,2019-02-01
2019,2,Santa Barbara,0,0,21,612,2019-02-01
2019,2,San Miguel,9,0,18,0,2019-02-01
2019,2,Santa Cruz,1840,587,27,807,2019-02-01
2019,2,Isthmus,338,86,NA,NA,2019-02-01
2019,2,Santa Rosa,29,15,41,414,2019-02-01
2019,3,Anacapa,329,38,6,4185,2019-03-01
2019,3,Santa Barbara,7,0,129,993,2019-03-01
2019,3,San Miguel,24,0,40,60,2019-03-01
2019,3,Santa Cruz,5171,1858,107,968,2019-03-01
2019,3,Isthmus,1108,227,NA,NA,2019-03-01
2019,3,Santa Rosa,447,147,71,339,2019-03-01
2019,4,Anacapa,589,113,29,5727,2019-04-01
2019,4,Santa Barbara,8,0,146,999,2019-04-01
2019,4,San Miguel,11,8,28,150,2019-04-01
2019,4,Santa Cruz,6863,2106,191,1220,2019-04-01
2019,4,Isthmus,1071,220,NA,NA,2019-04-01
2019,4,Santa Rosa,494,277,82,587,2019-04-01
2019,5,Anacapa,790,62,17,6513,2019-05-01
2019,5,Santa Barbara,16,0,203,1712,2019-05-01
2019,5,San Miguel,20,2,66,120,2019-05-01
2019,5,Santa Cruz,7626,1594,398,644,2019-05-01
2019,5,Isthmus,1047,0,NA,NA,2019-05-01
2019,5,Santa Rosa,436,304,100,822,2019-05-01
2019,6,Anacapa,952,152,140,7223,2019-06-01
2019,6,Santa Barbara,31,0,200,2219,2019-06-01
2019,6,San Miguel,22,5,52,210,2019-06-01
2019,6,Santa Cruz,8708,1717,428,846,2019-06-01
2019,6,Isthmus,1095,221,NA,NA,2019-06-01
2019,6,Santa Rosa,836,389,143,774,2019-06-01
2019,7,Anacapa,1059,214,68,1421,2019-07-01
2019,7,Santa Barbara,32,0,325,2565,2019-07-01
2019,7,San Miguel,73,201,160,459,2019-07-01
2019,7,Santa Cruz,10547,1950,646,1163,2019-07-01
2019,7,Isthmus,1232,306,NA,NA,2019-07-01
2019,7,Santa Rosa,647,348,260,1112,2019-07-01
2019,8,Anacapa,904,234,330,9660,2019-08-01
2019,8,Santa Barbara,0,0,424,2922,2019-08-01
2019,8,San Miguel,166,251,172,593,2019-08-01
2019,8,Santa Cruz,9478,1907,709,1200,2019-08-01
2019,8,Isthmus,1109,287,NA,NA,2019-08-01
2019,8,Santa Rosa,1215,657,226,1191,2019-08-01
2019,9,Anacapa,386,123,344,7415,2019-09-01
2019,9,Santa Barbara,0,0,478,2808,2019-09-01
2019,9,San Miguel,66,146,204,1101,2019-09-01
2019,9,Santa Cruz,6244,1413,698,809,2019-09-01
2019,9,Isthmus,850,187,NA,NA,2019-09-01
2019,9,Santa Rosa,464,683,211,1008,2019-09-01
2019,10,Anacapa,195,6,164,7844,2019-10-01
2019,10,Santa Barbara,0,0,346,3452,2019-10-01
2019,10,San Miguel,189,114,131,1870,2019-10-01
2019,10,Santa Cruz,6126,1199,384,626,2019-10-01
2019,10,Isthmus,941,0,NA,NA,2019-10-01
2019,10,Santa Rosa,447,0,137,1680,2019-10-01
2019,11,Anacapa,120,4,158,5792,2019-11-01
2019,11,Santa Barbara,0,0,100,1283,2019-11-01
2019,11,San Miguel,51,33,74,398,2019-11-01
2019,11,Santa Cruz,147,0,88,1364,2019-11-01
2019,11,Isthmus,2229,220,NA,NA,2019-11-01
2019,11,Santa Rosa,615,586,101,875,2019-11-01
2019,12,Anacapa,188,0,88,1470,2019-12-01
2019,12,Santa Barbara,0,0,17,1992,2019-12-01
2019,12,San Miguel,7,0,14,534,2019-12-01
2019,12,Santa Cruz,1669,470,35,2442,2019-12-01
2019,12,Isthmus,583,142,NA,NA,2019-12-01
2019,12,Santa Rosa,33,24,38,446,2019-12-01
2020,1,Anacapa,105,2,51,1416,2020-01-01
2020,1,Santa Barbara,9,0,27,230,2020-01-01
2020,1,San Miguel,10,0,20,105,2020-01-01
2020,1,Santa Cruz,815,116,55,70,2020-01-01
2020,1,Isthmus,1542,0,NA,NA,2020-01-01
2020,1,Santa Rosa,137,52,46,135,2020-01-01
2020,2,Anacapa,477,0,5,160,2020-02-01
2020,2,Santa Barbara,4,0,21,134,2020-02-01
2020,2,San Miguel,0,0,18,22,2020-02-01
2020,2,Santa Cruz,0,0,27,338,2020-02-01
2020,2,Isthmus,2488,0,NA,NA,2020-02-01
2020,2,Santa Rosa,332,87,41,74,2020-02-01
2020,3,Anacapa,207,0,6,2016,2020-03-01
2020,3,Santa Barbara,4,0,129,977,2020-03-01
2020,3,San Miguel,2,0,40,75,2020-03-01
2020,3,Santa Cruz,0,0,107,498,2020-03-01
2020,3,Isthmus,1150,0,NA,NA,2020-03-01
2020,3,Santa Rosa,192,119,71,508,2020-03-01
2020,4,Anacapa,0,0,29,126,2020-04-01
2020,4,Santa Barbara,0,0,146,36,2020-04-01
2020,4,San Miguel,7,0,28,23,2020-04-01
2020,4,Santa Cruz,0,0,191,90,2020-04-01
2020,4,Isthmus,0,0,NA,NA,2020-04-01
2020,4,Santa Rosa,6,0,82,77,2020-04-01
2020,5,Anacapa,0,0,17,750,2020-05-01
2020,5,Santa Barbara,0,0,203,77,2020-05-01
2020,5,San Miguel,0,0,66,25,2020-05-01
2020,5,Santa Cruz,0,0,398,45,2020-05-01
2020,5,Isthmus,57,0,NA,NA,2020-05-01
2020,5,Santa Rosa,20,0,100,1541,2020-05-01
2020,6,Anacapa,326,150,140,6255,2020-06-01
2020,6,Santa Barbara,25,0,200,2502,2020-06-01
2020,6,San Miguel,20,0,52,50,2020-06-01
2020,6,Santa Cruz,0,0,428,570,2020-06-01
2020,6,Isthmus,2348,173,NA,NA,2020-06-01
2020,6,Santa Rosa,471,677,143,635,2020-06-01
2020,7,Anacapa,598,228,68,4734,2020-07-01
2020,7,Santa Barbara,23,0,325,2264,2020-07-01
2020,7,San Miguel,286,246,160,254,2020-07-01
2020,7,Santa Cruz,0,0,646,1004,2020-07-01
2020,7,Isthmus,3165,178,NA,NA,2020-07-01
2020,7,Santa Rosa,1366,860,260,527,2020-07-01
2020,8,Anacapa,860,310,330,4920,2020-08-01
2020,8,Santa Barbara,12,0,424,3204,2020-08-01
2020,8,San Miguel,343,316,172,641,2020-08-01
2020,8,Santa Cruz,0,0,709,1332,2020-08-01
2020,8,Isthmus,3309,160,NA,NA,2020-08-01
2020,8,Santa Rosa,1707,969,226,881,2020-08-01
2020,9,Anacapa,573,164,344,5069,2020-09-01
2020,9,Santa Barbara,39,0,478,3382,2020-09-01
2020,9,San Miguel,281,203,204,207,2020-09-01
2020,9,Santa Cruz,0,0,698,1170,2020-09-01
2020,9,Isthmus,2581,134,NA,NA,2020-09-01
2020,9,Santa Rosa,1914,864,211,1965,2020-09-01
2020,10,Anacapa,501,352,164,7397,2020-10-01
2020,10,Santa Barbara,22,0,346,3066,2020-10-01
2020,10,San Miguel,297,145,131,2893,2020-10-01
2020,10,Santa Cruz,0,0,384,1026,2020-10-01
2020,10,Isthmus,3159,218,NA,NA,2020-10-01
2020,10,Santa Rosa,1754,712,137,2264,2020-10-01
2020,11,Anacapa,360,180,158,4862,2020-11-01
2020,11,Santa Barbara,7,0,100,3259,2020-11-01
2020,11,San Miguel,33,26,74,135,2020-11-01
2020,11,Santa Cruz,0,0,88,978,2020-11-01
2020,11,Isthmus,1984,99,NA,NA,2020-11-01
2020,11,Santa Rosa,621,430,101,776,2020-11-01
2020,12,Anacapa,86,0,88,581,2020-12-01
2020,12,Santa Barbara,0,0,17,1095,2020-12-01
2020,12,San Miguel,2,0,14,23,2020-12-01
2020,12,Santa Cruz,0,0,35,303,2020-12-01
2020,12,Isthmus,796,0,NA,NA,2020-12-01
2020,12,Santa Rosa,0,0,38,126,2020-12-01
2021,1,Anacapa,5,0,51,1317,2021-01-01
2021,1,Santa Barbara,0,0,27,0,2021-01-01
2021,1,San Miguel,0,0,20,14,2021-01-01
2021,1,Santa Cruz,0,0,55,18,2021-01-01
2021,1,Isthmus,131,8,NA,NA,2021-01-01
2021,1,Santa Rosa,0,0,46,200,2021-01-01
2021,2,Anacapa,12,0,5,1960,2021-02-01
2021,2,Santa Barbara,1,0,21,342,2021-02-01
2021,2,San Miguel,5,0,18,156,2021-02-01
2021,2,Santa Cruz,1017,101,27,7578,2021-02-01
2021,2,Isthmus,514,129,NA,NA,2021-02-01
2021,2,Santa Rosa,41,24,41,240,2021-02-01
2021,3,Anacapa,159,20,6,3116,2021-03-01
2021,3,Santa Barbara,6,0,129,987,2021-03-01
2021,3,San Miguel,12,0,40,87,2021-03-01
2021,3,Santa Cruz,2424,885,107,716,2021-03-01
2021,3,Isthmus,273,127,NA,NA,2021-03-01
2021,3,Santa Rosa,366,104,71,356,2021-03-01
2021,4,Anacapa,524,0,29,2992,2021-04-01
2021,4,Santa Barbara,4,0,146,585,2021-04-01
2021,4,San Miguel,6,2,28,104,2021-04-01
2021,4,Santa Cruz,5001,1457,191,379,2021-04-01
2021,4,Isthmus,814,106,NA,NA,2021-04-01
2021,4,Santa Rosa,511,267,82,495,2021-04-01
2021,5,Anacapa,50,4,17,3632,2021-05-01
2021,5,Santa Barbara,3,0,203,909,2021-05-01
2021,5,San Miguel,16,6,66,200,2021-05-01
2021,5,Santa Cruz,6476,2025,398,1256,2021-05-01
2021,5,Isthmus,734,157,NA,NA,2021-05-01
2021,5,Santa Rosa,866,499,100,1740,2021-05-01
2021,6,Anacapa,191,22,140,11196,2021-06-01
2021,6,Santa Barbara,17,0,200,2378,2021-06-01
2021,6,San Miguel,15,6,52,210,2021-06-01
2021,6,Santa Cruz,7405,1941,428,515,2021-06-01
2021,6,Isthmus,734,165,NA,NA,2021-06-01
2021,6,Santa Rosa,1097,642,143,863,2021-06-01
2021,7,Anacapa,755,81,68,3269,2021-07-01
2021,7,Santa Barbara,11,0,325,2432,2021-07-01
2021,7,San Miguel,231,196,160,444,2021-07-01
2021,7,Santa Cruz,7242,2486,646,3221,2021-07-01
2021,7,Isthmus,599,62,NA,NA,2021-07-01
2021,7,Santa Rosa,344,189,260,1044,2021-07-01
2021,8,Anacapa,577,102,330,2325,2021-08-01
2021,8,Santa Barbara,2,0,424,3078,2021-08-01
2021,8,San Miguel,155,205,172,1499,2021-08-01
2021,8,Santa Cruz,7384,2426,709,1118,2021-08-01
2021,8,Isthmus,103,31,NA,NA,2021-08-01
2021,8,Santa Rosa,1025,387,226,2897,2021-08-01
2021,9,Anacapa,217,12,344,675,2021-09-01
2021,9,Santa Barbara,8,0,478,3060,2021-09-01
2021,9,San Miguel,177,154,204,2238,2021-09-01
2021,9,Santa Cruz,6559,2827,698,6527,2021-09-01
2021,9,Isthmus,2021,65,NA,NA,2021-09-01
2021,9,Santa Rosa,859,406,211,1792,2021-09-01
2021,10,Anacapa,359,78,164,7635,2021-10-01
2021,10,Santa Barbara,11,0,346,3254,2021-10-01
2021,10,San Miguel,148,124,131,1288,2021-10-01
2021,10,Santa Cruz,5656,1953,384,2544,2021-10-01
2021,10,Isthmus,388,97,NA,NA,2021-10-01
2021,10,Santa Rosa,1058,498,137,1619,2021-10-01
2021,11,Anacapa,258,39,158,5327,2021-11-01
2021,11,Santa Barbara,2,0,100,1907,2021-11-01
2021,11,San Miguel,54,42,74,368,2021-11-01
2021,11,Santa Cruz,4986,1576,88,1464,2021-11-01
2021,11,Isthmus,206,38,NA,NA,2021-11-01
2021,11,Santa Rosa,1099,383,101,2292,2021-11-01
2021,12,Anacapa,201,0,88,1028,2021-12-01
2021,12,Santa Barbara,2,0,17,1559,2021-12-01
2021,12,San Miguel,3,0,14,484,2021-12-01
2021,12,Santa Cruz,2185,660,35,1233,2021-12-01
2021,12,Isthmus,110,40,NA,NA,2021-12-01
2021,12,Santa Rosa,34,6,38,303,2021-12-01
2022,1,Anacapa,84,2,51,1388,2022-01-01
2022,1,Santa Barbara,3,0,27,150,2022-01-01
2022,1,San Miguel,7,0,20,23,2022-01-01
2022,1,Santa Cruz,2848,384,55,897,2022-01-01
2022,1,Isthmus,342,64,NA,NA,2022-01-01
2022,1,Santa Rosa,58,15,46,749,2022-01-01
2022,2,Anacapa,259,8,5,1960,2022-02-01
2022,2,Santa Barbara,1,0,21,342,2022-02-01
2022,2,San Miguel,5,0,18,25,2022-02-01
2022,2,Santa Cruz,4307,1082,27,555,2022-02-01
2022,2,Isthmus,649,53,NA,NA,2022-02-01
2022,2,Santa Rosa,114,67,41,303,2022-02-01
2022,3,Anacapa,0,0,6,0,2022-03-01
2022,3,Santa Barbara,7,0,129,987,2022-03-01
2022,3,San Miguel,12,0,40,83,2022-03-01
2022,3,Santa Cruz,6616,1735,107,117,2022-03-01
2022,3,Isthmus,468,73,NA,NA,2022-03-01
2022,3,Santa Rosa,415,294,71,61,2022-03-01
2022,4,Anacapa,0,0,29,0,2022-04-01
2022,4,Santa Barbara,5,0,146,585,2022-04-01
2022,4,San Miguel,7,2,28,110,2022-04-01
2022,4,Santa Cruz,7600,2063,191,144,2022-04-01
2022,4,Isthmus,937,119,NA,NA,2022-04-01
2022,4,Santa Rosa,2324,484,82,3594,2022-04-01
2022,5,Anacapa,0,0,17,0,2022-05-01
2022,5,Santa Barbara,4,0,203,909,2022-05-01
2022,5,San Miguel,23,4,66,112,2022-05-01
2022,5,Santa Cruz,6485,2022,398,203,2022-05-01
2022,5,Isthmus,867,221,NA,NA,2022-05-01
2022,5,Santa Rosa,768,423,100,2367,2022-05-01
2022,6,Anacapa,0,0,140,0,2022-06-01
2022,6,Santa Barbara,20,0,200,2378,2022-06-01
2022,6,San Miguel,31,4,52,182,2022-06-01
2022,6,Santa Cruz,8436,2599,428,678,2022-06-01
2022,6,Isthmus,853,932,NA,NA,2022-06-01
2022,6,Santa Rosa,1035,535,143,1814,2022-06-01
2022,7,Anacapa,0,0,68,0,2022-07-01
2022,7,Santa Barbara,98,0,325,2739,2022-07-01
2022,7,San Miguel,450,350,160,1621,2022-07-01
2022,7,Santa Cruz,9447,2864,646,868,2022-07-01
2022,7,Isthmus,1190,244,NA,NA,2022-07-01
2022,7,Santa Rosa,911,451,260,1499,2022-07-01
2022,8,Anacapa,0,0,330,0,2022-08-01
2022,8,Santa Barbara,3,0,424,3078,2022-08-01
2022,8,San Miguel,224,166,172,1020,2022-08-01
2022,8,Santa Cruz,8801,2737,709,484,2022-08-01
2022,8,Isthmus,1585,132,NA,NA,2022-08-01
2022,8,Santa Rosa,1197,584,226,1937,2022-08-01
2022,9,Anacapa,0,0,344,0,2022-09-01
2022,9,Santa Barbara,9,0,478,3060,2022-09-01
2022,9,San Miguel,168,131,204,1362,2022-09-01
2022,9,Santa Cruz,5277,1826,698,2819,2022-09-01
2022,9,Isthmus,708,175,NA,NA,2022-09-01
2022,9,Santa Rosa,1347,501,211,5784,2022-09-01
2022,10,Anacapa,0,0,164,0,2022-10-01
2022,10,Santa Barbara,13,0,346,3254,2022-10-01
2022,10,San Miguel,209,98,131,2002,2022-10-01
2022,10,Santa Cruz,6299,1864,384,512,2022-10-01
2022,10,Isthmus,535,0,NA,NA,2022-10-01
2022,10,Santa Rosa,1394,436,137,8981,2022-10-01
2022,11,Anacapa,288,46,158,5327,2022-11-01
2022,11,Santa Barbara,3,0,100,1907,2022-11-01
2022,11,San Miguel,250,20,74,272,2022-11-01
2022,11,Santa Cruz,5756,841,88,1259,2022-11-01
2022,11,Isthmus,875,233,NA,NA,2022-11-01
2022,11,Santa Rosa,291,145,101,318,2022-11-01
2022,12,Anacapa,189,0,88,1028,2022-12-01
2022,12,Santa Barbara,2,0,17,1559,2022-12-01
2022,12,San Miguel,6,0,14,291,2022-12-01
2022,12,Santa Cruz,2473,433,35,318,2022-12-01
2022,12,Isthmus,411,64,NA,NA,2022-12-01
2022,12,Santa Rosa,60,7,38,790,2022-12-01
2023,1,Anacapa,80,2,51,1328,2023-01-01
2023,1,Santa Barbara,0,0,27,0,2023-01-01
2023,1,San Miguel,6,0,20,23,2023-01-01
2023,1,Santa Cruz,2024,257,55,159,2023-01-01
2023,1,Isthmus,117,38,NA,NA,2023-01-01
2023,1,Santa Rosa,55,17,46,599,2023-01-01
2023,2,Anacapa,259,9,5,1960,2023-02-01
2023,2,Santa Barbara,0,0,21,0,2023-02-01
2023,2,San Miguel,5,0,18,25,2023-02-01
2023,2,Santa Cruz,2720,571,27,623,2023-02-01
2023,2,Isthmus,240,74,NA,NA,2023-02-01
2023,2,Santa Rosa,193,281,41,650,2023-02-01
2023,3,Anacapa,257,14,6,2397,2023-03-01
2023,3,Santa Barbara,0,0,129,0,2023-03-01
2023,3,San Miguel,14,0,40,83,2023-03-01
2023,3,Santa Cruz,3695,384,107,546,2023-03-01
2023,3,Isthmus,98,42,NA,NA,2023-03-01
2023,3,Santa Rosa,310,220,71,306,2023-03-01
2023,4,Anacapa,355,24,29,2337,2023-04-01
2023,4,Santa Barbara,0,0,146,0,2023-04-01
2023,4,San Miguel,9,2,28,110,2023-04-01
2023,4,Santa Cruz,6575,1515,191,459,2023-04-01
2023,4,Isthmus,337,108,NA,NA,2023-04-01
2023,4,Santa Rosa,622,236,82,1191,2023-04-01
2023,5,Anacapa,416,24,17,2824,2023-05-01
2023,5,Santa Barbara,0,0,203,0,2023-05-01
2023,5,San Miguel,17,4,66,112,2023-05-01
2023,5,Santa Cruz,8306,2193,398,1416,2023-05-01
2023,5,Isthmus,958,207,NA,NA,2023-05-01
2023,5,Santa Rosa,1114,612,100,2951,2023-05-01
2023,6,Anacapa,466,72,140,5629,2023-06-01
2023,6,Santa Barbara,0,0,200,0,2023-06-01
2023,6,San Miguel,29,5,52,182,2023-06-01
2023,6,Santa Cruz,8870,2576,428,1304,2023-06-01
2023,6,Isthmus,1158,167,NA,NA,2023-06-01
2023,6,Santa Rosa,1403,748,143,2491,2023-06-01
2023,7,Anacapa,673,105,68,2430,2023-07-01
2023,7,Santa Barbara,0,0,325,0,2023-07-01
2023,7,San Miguel,236,226,160,664,2023-07-01
2023,7,Santa Cruz,9124,2863,646,1027,2023-07-01
2023,7,Isthmus,1373,131,NA,NA,2023-07-01
2023,7,Santa Rosa,856,428,260,1795,2023-07-01
2023,8,Anacapa,629,129,330,4326,2023-08-01
2023,8,Santa Barbara,0,0,424,0,2023-08-01
2023,8,San Miguel,193,201,172,939,2023-08-01
2023,8,Santa Cruz,6953,1993,709,993,2023-08-01
2023,8,Isthmus,616,90,NA,NA,2023-08-01
2023,8,Santa Rosa,764,441,226,669,2023-08-01
2023,9,Anacapa,383,66,344,3538,2023-09-01
2023,9,Santa Barbara,0,0,478,0,2023-09-01
2023,9,San Miguel,162,145,204,1362,2023-09-01
2023,9,Santa Cruz,4818,1675,698,2819,2023-09-01
2023,9,Isthmus,841,94,NA,NA,2023-09-01
2023,9,Santa Rosa,1024,572,211,2588,2023-09-01
2023,10,Anacapa,297,89,164,5874,2023-10-01
2023,10,Santa Barbara,0,0,346,0,2023-10-01
2023,10,San Miguel,0,0,131,0,2023-10-01
2023,10,Santa Cruz,4437,1184,384,1175,2023-10-01
2023,10,Isthmus,421,92,NA,NA,2023-10-01
2023,10,Santa Rosa,1094,401,137,3624,2023-10-01
2023,11,Anacapa,249,55,158,5327,2023-11-01
2023,11,Santa Barbara,0,0,100,0,2023-11-01
2023,11,San Miguel,0,0,74,0,2023-11-01
2023,11,Santa Cruz,2904,859,88,1259,2023-11-01
2023,11,Isthmus,1209,118,NA,NA,2023-11-01
2023,11,Santa Rosa,606,324,101,1080,2023-11-01
2023,12,Anacapa,157,0,88,1028,2023-12-01
2023,12,Santa Barbara,0,0,17,0,2023-12-01
2023,12,San Miguel,0,0,14,0,2023-12-01
2023,12,Santa Cruz,1862,379,35,1088,2023-12-01
2023,12,Isthmus,454,49,NA,NA,2023-12-01
2023,12,Santa Rosa,33,8,38,427,2023-12-01
2024,1,Anacapa,55,0,51,0,2024-01-01
2024,1,Santa Barbara,0,0,27,0,2024-01-01
2024,1,San Miguel,0,0,20,0,2024-01-01
2024,1,Santa Cruz,2342,1096,55,2767,2024-01-01
2024,1,Isthmus,219,201,NA,NA,2024-01-01
2024,1,Santa Rosa,0,6,46,0,2024-01-01
2024,2,Anacapa,89,6,5,0,2024-02-01
2024,2,Santa Barbara,0,0,21,0,2024-02-01
2024,2,San Miguel,0,0,18,0,2024-02-01
2024,2,Santa Cruz,2917,1058,27,0,2024-02-01
2024,2,Isthmus,202,128,NA,NA,2024-02-01
2024,2,Santa Rosa,0,18,41,0,2024-02-01
2024,3,Anacapa,143,63,6,0,2024-03-01
2024,3,Santa Barbara,0,0,129,0,2024-03-01
2024,3,San Miguel,0,0,40,0,2024-03-01
2024,3,Santa Cruz,4298,3331,107,0,2024-03-01
2024,3,Isthmus,460,271,NA,NA,2024-03-01
2024,3,Santa Rosa,426,769,71,0,2024-03-01
2024,4,Anacapa,328,50,29,0,2024-04-01
2024,4,Santa Barbara,0,0,146,0,2024-04-01
2024,4,San Miguel,0,0,28,270,2024-04-01
2024,4,Santa Cruz,4570,3531,191,0,2024-04-01
2024,4,Isthmus,355,285,NA,NA,2024-04-01
2024,4,Santa Rosa,471,714,82,0,2024-04-01
2024,5,Anacapa,721,171,17,0,2024-05-01
2024,5,Santa Barbara,0,0,203,0,2024-05-01
2024,5,San Miguel,0,0,66,0,2024-05-01
2024,5,Santa Cruz,4995,4203,398,1178,2024-05-01
2024,5,Isthmus,258,317,NA,NA,2024-05-01
2024,5,Santa Rosa,488,752,100,0,2024-05-01
2024,6,Anacapa,387,205,140,21,2024-06-01
2024,6,Santa Barbara,0,0,200,0,2024-06-01
2024,6,San Miguel,0,0,52,0,2024-06-01
2024,6,Santa Cruz,5186,5152,428,1080,2024-06-01
2024,6,Isthmus,546,262,NA,NA,2024-06-01
2024,6,Santa Rosa,621,1200,143,0,2024-06-01
2024,7,Anacapa,808,238,68,70,2024-07-01
2024,7,Santa Barbara,0,0,325,0,2024-07-01
2024,7,San Miguel,0,0,160,0,2024-07-01
2024,7,Santa Cruz,8642,5121,646,1750,2024-07-01
2024,7,Isthmus,588,274,NA,NA,2024-07-01
2024,7,Santa Rosa,870,1344,260,0,2024-07-01
2024,8,Anacapa,948,311,330,0,2024-08-01
2024,8,Santa Barbara,0,0,424,0,2024-08-01
2024,8,San Miguel,0,0,172,0,2024-08-01
2024,8,Santa Cruz,8455,3851,709,638,2024-08-01
2024,8,Isthmus,792,289,NA,NA,2024-08-01
2024,8,Santa Rosa,621,1217,226,0,2024-08-01
2024,9,Anacapa,692,166,344,450,2024-09-01
2024,9,Santa Barbara,0,0,478,0,2024-09-01
2024,9,San Miguel,0,0,204,0,2024-09-01
2024,9,Santa Cruz,4465,4404,698,688,2024-09-01
2024,9,Isthmus,537,253,NA,NA,2024-09-01
2024,9,Santa Rosa,564,1275,211,0,2024-09-01
2024,10,Anacapa,389,124,164,1883,2024-10-01
2024,10,Santa Barbara,0,0,346,0,2024-10-01
2024,10,San Miguel,72,0,131,0,2024-10-01
2024,10,Santa Cruz,3042,3342,384,0,2024-10-01
2024,10,Isthmus,368,254,NA,NA,2024-10-01
2024,10,Santa Rosa,498,757,137,5301,2024-10-01
2024,11,Anacapa,521,126,158,0,2024-11-01
2024,11,Santa Barbara,0,0,100,0,2024-11-01
2024,11,San Miguel,0,0,74,0,2024-11-01
2024,11,Santa Cruz,4788,2765,88,0,2024-11-01
2024,11,Isthmus,502,204,NA,NA,2024-11-01
2024,11,Santa Rosa,432,615,101,563,2024-11-01
2024,12,Anacapa,174,0,88,0,2024-12-01
2024,12,Santa Barbara,0,0,17,0,2024-12-01
2024,12,San Miguel,0,0,14,0,2024-12-01
2024,12,Santa Cruz,2956,1284,35,0,2024-12-01
2024,12,Isthmus,415,212,NA,NA,2024-12-01
2024,12,Santa Rosa,0,8,38,0,2024-12-01
2025,1,Anacapa,144,11,51,47,2025-01-01
2025,1,Santa Barbara,0,2,27,0,2025-01-01
2025,1,San Miguel,0,0,20,0,2025-01-01
2025,1,Santa Cruz,3297,1089,55,93,2025-01-01
2025,1,Isthmus,166,170,NA,NA,2025-01-01
2025,1,Santa Rosa,20,2,46,0,2025-01-01
2025,2,Anacapa,155,18,5,126,2025-02-01
2025,2,Santa Barbara,0,0,21,0,2025-02-01
2025,2,San Miguel,0,0,18,0,2025-02-01
2025,2,Santa Cruz,2488,974,27,158,2025-02-01
2025,2,Isthmus,51,194,NA,NA,2025-02-01
2025,2,Santa Rosa,35,30,41,0,2025-02-01
2025,3,Anacapa,49,91,6,0,2025-03-01
2025,3,Santa Barbara,0,22,129,0,2025-03-01
2025,3,San Miguel,0,21,40,0,2025-03-01
2025,3,Santa Cruz,5619,3689,107,32,2025-03-01
2025,3,Isthmus,91,289,NA,NA,2025-03-01
2025,3,Santa Rosa,513,745,71,52,2025-03-01
2025,4,Anacapa,630,167,29,27,2025-04-01
2025,4,Santa Barbara,0,14,146,0,2025-04-01
2025,4,San Miguel,0,0,28,0,2025-04-01
2025,4,Santa Cruz,7400,4333,191,167,2025-04-01
2025,4,Isthmus,448,295,NA,NA,2025-04-01
2025,4,Santa Rosa,677,1037,82,81,2025-04-01
2025,5,Anacapa,777,200,17,0,2025-05-01
2025,5,Santa Barbara,32,8,203,0,2025-05-01
2025,5,San Miguel,0,0,66,0,2025-05-01
2025,5,Santa Cruz,7935,4329,398,159,2025-05-01
2025,5,Isthmus,380,317,NA,NA,2025-05-01
2025,5,Santa Rosa,609,860,100,167,2025-05-01
2025,6,Anacapa,815,219,140,27,2025-06-01
2025,6,Santa Barbara,0,16,200,0,2025-06-01
2025,6,San Miguel,0,44,52,0,2025-06-01
2025,6,Santa Cruz,8649,5003,428,182,2025-06-01
2025,6,Isthmus,450,310,NA,NA,2025-06-01
2025,6,Santa Rosa,763,1280,143,135,2025-06-01
2025,7,Anacapa,1276,260,68,93,2025-07-01
2025,7,Santa Barbara,0,24,325,0,2025-07-01
2025,7,San Miguel,49,206,160,0,2025-07-01
2025,7,Santa Cruz,8896,5062,646,279,2025-07-01
2025,7,Isthmus,381,318,NA,NA,2025-07-01
2025,7,Santa Rosa,976,1215,260,209,2025-07-01
2025,8,Anacapa,1204,322,330,0,2025-08-01
2025,8,Santa Barbara,33,0,424,0,2025-08-01
2025,8,San Miguel,45,243,172,0,2025-08-01
2025,8,Santa Cruz,8007,4121,709,288,2025-08-01
2025,8,Isthmus,241,334,NA,NA,2025-08-01
2025,8,Santa Rosa,769,1197,226,140,2025-08-01
2025,9,Anacapa,928,135,344,23,2025-09-01
2025,9,Santa Barbara,0,0,478,0,2025-09-01
2025,9,San Miguel,48,186,204,230,2025-09-01
2025,9,Santa Cruz,6353,4522,698,411,2025-09-01
2025,9,Isthmus,240,198,NA,NA,2025-09-01
2025,9,Santa Rosa,604,991,211,216,2025-09-01
2025,10,Anacapa,496,110,164,140,2025-10-01
2025,10,Santa Barbara,45,8,346,0,2025-10-01
2025,10,San Miguel,84,62,131,543,2025-10-01
2025,10,Santa Cruz,6547,3863,384,0,2025-10-01
2025,10,Isthmus,147,272,NA,NA,2025-10-01
2025,10,Santa Rosa,484,882,137,0,2025-10-01
2025,11,Anacapa,418,110,158,0,2025-11-01
2025,11,Santa Barbara,0,0,100,0,2025-11-01
2025,11,San Miguel,0,0,74,0,2025-11-01
2025,11,Santa Cruz,4665,2341,88,121,2025-11-01
2025,11,Isthmus,394,181,NA,NA,2025-11-01
2025,11,Santa Rosa,563,517,101,0,2025-11-01
2025,12,Anacapa,393,18,88,0,2025-12-01
2025,12,Santa Barbara,0,0,17,0,2025-12-01
2025,12,San Miguel,0,4,14,0,2025-12-01
2025,12,Santa Cruz,3394,995,35,107,2025-12-01
2025,12,Isthmus,310,192,NA,NA,2025-12-01
2025,12,Santa Rosa,56,2,38,0,2025-12-01
