year,month,date,island_Anacapa,island_Isthmus,island_San Miguel,island_Santa Barbara,island_Santa Cruz,island_Santa Rosa,total_island_visitors,mainland_visitor_center,santa_barbara_outdoor_vc,total_visitor_centers,concessioner_total,original_NPS_TRV,total_islands_and_visitor_centers,difference_from_NPS,total_with_concessioners,difference_with_concessioners
1979,1,1979-01-01,NA,NA,NA,NA,NA,NA,NA,NA,NA,NA,NA,2732,NA,NA,NA,NA
1979,2,1979-02-01,NA,NA,NA,NA,NA,NA,NA,NA,NA,NA,NA,3121,NA,NA,NA,NA
1979,3,1979-03-01,NA,NA,NA,NA,NA,NA,NA,NA,NA,NA,NA,4774,NA,NA,NA,NA
1979,4,1979-04-01,NA,NA,NA,NA,NA,NA,NA,NA,NA,NA,NA,5157,NA,NA,NA,NA
1979,5,1979-05-01,NA,NA,NA,NA,NA,NA,NA,NA,NA,NA,NA,5805,NA,NA,NA,NA
1979,6,1979-06-01,NA,NA,NA,NA,NA,NA,NA,NA,NA,NA,NA,6060,NA,NA,NA,NA
1979,7,1979-07-01,NA,NA,NA,NA,NA,NA,NA,NA,NA,NA,NA,12639,NA,NA,NA,NA
1979,8,1979-08-01,NA,NA,NA,NA,NA,NA,NA,NA,NA,NA,NA,15717,NA,NA,NA,NA
1979,9,1979-09-01,NA,NA,NA,NA,NA,NA,NA,NA,NA,NA,NA,12187,NA,NA,NA,NA
1979,10,1979-10-01,NA,NA,NA,NA,NA,NA,NA,NA,NA,NA,NA,6352,NA,NA,NA,NA
1979,11,1979-11-01,NA,NA,NA,NA,NA,NA,NA,NA,NA,NA,NA,4087,NA,NA,NA,NA
1979,12,1979-12-01,NA,NA,NA,NA,NA,NA,NA,NA,NA,NA,NA,4306,NA,NA,NA,NA
1980,1,1980-01-01,NA,NA,NA,NA,NA,NA,NA,NA,NA,NA,NA,4418,NA,NA,NA,NA
1980,2,1980-02-01,NA,NA,NA,NA,NA,NA,NA,NA,NA,NA,NA,2918,NA,NA,NA,NA
1980,3,1980-03-01,NA,NA,NA,NA,NA,NA,NA,NA,NA,NA,NA,8054,NA,NA,NA,NA
1980,4,1980-04-01,NA,NA,NA,NA,NA,NA,NA,NA,NA,NA,NA,8097,NA,NA,NA,NA
1980,5,1980-05-01,NA,NA,NA,NA,NA,NA,NA,NA,NA,NA,NA,7760,NA,NA,NA,NA
1980,6,1980-06-01,NA,NA,NA,NA,NA,NA,NA,NA,NA,NA,NA,13674,NA,NA,NA,NA
1980,7,1980-07-01,NA,NA,NA,NA,NA,NA,NA,NA,NA,NA,NA,16783,NA,NA,NA,NA
1980,8,1980-08-01,NA,NA,NA,NA,NA,NA,NA,NA,NA,NA,NA,19790,NA,NA,NA,NA
1980,9,1980-09-01,NA,NA,NA,NA,NA,NA,NA,NA,NA,NA,NA,10025,NA,NA,NA,NA
1980,10,1980-10-01,NA,NA,NA,NA,NA,NA,NA,NA,NA,NA,NA,4612,NA,NA,NA,NA
1980,11,1980-11-01,NA,NA,NA,NA,NA,NA,NA,NA,NA,NA,NA,4919,NA,NA,NA,NA
1980,12,1980-12-01,NA,NA,NA,NA,NA,NA,NA,NA,NA,NA,NA,3524,NA,NA,NA,NA
1981,1,1981-01-01,NA,NA,NA,NA,NA,NA,NA,NA,NA,NA,NA,2815,NA,NA,NA,NA
1981,2,1981-02-01,NA,NA,NA,NA,NA,NA,NA,NA,NA,NA,NA,5645,NA,NA,NA,NA
1981,3,1981-03-01,NA,NA,NA,NA,NA,NA,NA,NA,NA,NA,NA,5603,NA,NA,NA,NA
1981,4,1981-04-01,NA,NA,NA,NA,NA,NA,NA,NA,NA,NA,NA,5247,NA,NA,NA,NA
1981,5,1981-05-01,NA,NA,NA,NA,NA,NA,NA,NA,NA,NA,NA,9070,NA,NA,NA,NA
1981,6,1981-06-01,NA,NA,NA,NA,NA,NA,NA,NA,NA,NA,NA,7723,NA,NA,NA,NA
1981,7,1981-07-01,NA,NA,NA,NA,NA,NA,NA,NA,NA,NA,NA,12086,NA,NA,NA,NA
1981,8,1981-08-01,NA,NA,NA,NA,NA,NA,NA,NA,NA,NA,NA,13813,NA,NA,NA,NA
1981,9,1981-09-01,NA,NA,NA,NA,NA,NA,NA,NA,NA,NA,NA,10969,NA,NA,NA,NA
1981,10,1981-10-01,NA,NA,NA,NA,NA,NA,NA,NA,NA,NA,NA,5979,NA,NA,NA,NA
1981,11,1981-11-01,NA,NA,NA,NA,NA,NA,NA,NA,NA,NA,NA,4479,NA,NA,NA,NA
1981,12,1981-12-01,NA,NA,NA,NA,NA,NA,NA,NA,NA,NA,NA,4085,NA,NA,NA,NA
1982,1,1982-01-01,NA,NA,NA,NA,NA,NA,NA,NA,NA,NA,NA,5451,NA,NA,NA,NA
1982,2,1982-02-01,NA,NA,NA,NA,NA,NA,NA,NA,NA,NA,NA,13275,NA,NA,NA,NA
1982,3,1982-03-01,NA,NA,NA,NA,NA,NA,NA,NA,NA,NA,NA,10530,NA,NA,NA,NA
1982,4,1982-04-01,NA,NA,NA,NA,NA,NA,NA,NA,NA,NA,NA,11280,NA,NA,NA,NA
1982,5,1982-05-01,NA,NA,NA,NA,NA,NA,NA,NA,NA,NA,NA,16845,NA,NA,NA,NA
1982,6,1982-06-01,NA,NA,NA,NA,NA,NA,NA,NA,NA,NA,NA,14760,NA,NA,NA,NA
1982,7,1982-07-01,NA,NA,NA,NA,NA,NA,NA,NA,NA,NA,NA,25454,NA,NA,NA,NA
1982,8,1982-08-01,NA,NA,NA,NA,NA,NA,NA,NA,NA,NA,NA,26972,NA,NA,NA,NA
1982,9,1982-09-01,NA,NA,NA,NA,NA,NA,NA,NA,NA,NA,NA,15384,NA,NA,NA,NA
1982,10,1982-10-01,NA,NA,NA,NA,NA,NA,NA,NA,NA,NA,NA,11059,NA,NA,NA,NA
1982,11,1982-11-01,NA,NA,NA,NA,NA,NA,NA,NA,NA,NA,NA,12296,NA,NA,NA,NA
1982,12,1982-12-01,NA,NA,NA,NA,NA,NA,NA,NA,NA,NA,NA,8981,NA,NA,NA,NA
1983,1,1983-01-01,NA,NA,NA,NA,NA,NA,NA,NA,NA,NA,NA,13809,NA,NA,NA,NA
1983,2,1983-02-01,NA,NA,NA,NA,NA,NA,NA,NA,NA,NA,NA,14821,NA,NA,NA,NA
1983,3,1983-03-01,NA,NA,NA,NA,NA,NA,NA,NA,NA,NA,NA,15833,NA,NA,NA,NA
1983,4,1983-04-01,NA,NA,NA,NA,NA,NA,NA,NA,NA,NA,NA,14327,NA,NA,NA,NA
1983,5,1983-05-01,NA,NA,NA,NA,NA,NA,NA,NA,NA,NA,NA,18302,NA,NA,NA,NA
1983,6,1983-06-01,NA,NA,NA,NA,NA,NA,NA,NA,NA,NA,NA,20790,NA,NA,NA,NA
1983,7,1983-07-01,NA,NA,NA,NA,NA,NA,NA,NA,NA,NA,NA,30820,NA,NA,NA,NA
1983,8,1983-08-01,NA,NA,NA,NA,NA,NA,NA,NA,NA,NA,NA,26192,NA,NA,NA,NA
1983,9,1983-09-01,NA,NA,NA,NA,NA,NA,NA,NA,NA,NA,NA,16808,NA,NA,NA,NA
1983,10,1983-10-01,NA,NA,NA,NA,NA,NA,NA,NA,NA,NA,NA,12363,NA,NA,NA,NA
1983,11,1983-11-01,NA,NA,NA,NA,NA,NA,NA,NA,NA,NA,NA,12325,NA,NA,NA,NA
1983,12,1983-12-01,NA,NA,NA,NA,NA,NA,NA,NA,NA,NA,NA,8634,NA,NA,NA,NA
1984,1,1984-01-01,NA,NA,NA,NA,NA,NA,NA,NA,NA,NA,NA,11177,NA,NA,NA,NA
1984,2,1984-02-01,NA,NA,NA,NA,NA,NA,NA,NA,NA,NA,NA,14573,NA,NA,NA,NA
1984,3,1984-03-01,NA,NA,NA,NA,NA,NA,NA,NA,NA,NA,NA,14608,NA,NA,NA,NA
1984,4,1984-04-01,NA,NA,NA,NA,NA,NA,NA,NA,NA,NA,NA,15305,NA,NA,NA,NA
1984,5,1984-05-01,NA,NA,NA,NA,NA,NA,NA,NA,NA,NA,NA,18535,NA,NA,NA,NA
1984,6,1984-06-01,NA,NA,NA,NA,NA,NA,NA,NA,NA,NA,NA,18745,NA,NA,NA,NA
1984,7,1984-07-01,NA,NA,NA,NA,NA,NA,NA,NA,NA,NA,NA,25778,NA,NA,NA,NA
1984,8,1984-08-01,NA,NA,NA,NA,NA,NA,NA,NA,NA,NA,NA,26956,NA,NA,NA,NA
1984,9,1984-09-01,NA,NA,NA,NA,NA,NA,NA,NA,NA,NA,NA,18004,NA,NA,NA,NA
1984,10,1984-10-01,NA,NA,NA,NA,NA,NA,NA,NA,NA,NA,NA,14373,NA,NA,NA,NA
1984,11,1984-11-01,NA,NA,NA,NA,NA,NA,NA,NA,NA,NA,NA,13643,NA,NA,NA,NA
1984,12,1984-12-01,NA,NA,NA,NA,NA,NA,NA,NA,NA,NA,NA,11714,NA,NA,NA,NA
1985,1,1985-01-01,NA,NA,NA,NA,NA,NA,NA,NA,NA,NA,NA,12865,NA,NA,NA,NA
1985,2,1985-02-01,NA,NA,NA,NA,NA,NA,NA,NA,NA,NA,NA,9540,NA,NA,NA,NA
1985,3,1985-03-01,NA,NA,NA,NA,NA,NA,NA,NA,NA,NA,NA,10967,NA,NA,NA,NA
1985,4,1985-04-01,NA,NA,NA,NA,NA,NA,NA,NA,NA,NA,NA,10239,NA,NA,NA,NA
1985,5,1985-05-01,NA,NA,NA,NA,NA,NA,NA,NA,NA,NA,NA,11897,NA,NA,NA,NA
1985,6,1985-06-01,NA,NA,NA,NA,NA,NA,NA,NA,NA,NA,NA,12164,NA,NA,NA,NA
1985,7,1985-07-01,NA,NA,NA,NA,NA,NA,NA,NA,NA,NA,NA,19922,NA,NA,NA,NA
1985,8,1985-08-01,NA,NA,NA,NA,NA,NA,NA,NA,NA,NA,NA,24101,NA,NA,NA,NA
1985,9,1985-09-01,NA,NA,NA,NA,NA,NA,NA,NA,NA,NA,NA,20473,NA,NA,NA,NA
1985,10,1985-10-01,NA,NA,NA,NA,NA,NA,NA,NA,NA,NA,NA,10875,NA,NA,NA,NA
1985,11,1985-11-01,NA,NA,NA,NA,NA,NA,NA,NA,NA,NA,NA,10838,NA,NA,NA,NA
1985,12,1985-12-01,NA,NA,NA,NA,NA,NA,NA,NA,NA,NA,NA,10251,NA,NA,NA,NA
1986,1,1986-01-01,NA,NA,NA,NA,NA,NA,NA,NA,NA,NA,NA,15061,NA,NA,NA,NA
1986,2,1986-02-01,NA,NA,NA,NA,NA,NA,NA,NA,NA,NA,NA,7302,NA,NA,NA,NA
1986,3,1986-03-01,NA,NA,NA,NA,NA,NA,NA,NA,NA,NA,NA,9925,NA,NA,NA,NA
1986,4,1986-04-01,NA,NA,NA,NA,NA,NA,NA,NA,NA,NA,NA,11514,NA,NA,NA,NA
1986,5,1986-05-01,NA,NA,NA,NA,NA,NA,NA,NA,NA,NA,NA,12594,NA,NA,NA,NA
1986,6,1986-06-01,NA,NA,NA,NA,NA,NA,NA,NA,NA,NA,NA,14210,NA,NA,NA,NA
1986,7,1986-07-01,NA,NA,NA,NA,NA,NA,NA,NA,NA,NA,NA,21062,NA,NA,NA,NA
1986,8,1986-08-01,NA,NA,NA,NA,NA,NA,NA,NA,NA,NA,NA,24173,NA,NA,NA,NA
1986,9,1986-09-01,NA,NA,NA,NA,NA,NA,NA,NA,NA,NA,NA,16955,NA,NA,NA,NA
1986,10,1986-10-01,NA,NA,NA,NA,NA,NA,NA,NA,NA,NA,NA,17818,NA,NA,NA,NA
1986,11,1986-11-01,NA,NA,NA,NA,NA,NA,NA,NA,NA,NA,NA,13439,NA,NA,NA,NA
1986,12,1986-12-01,NA,NA,NA,NA,NA,NA,NA,NA,NA,NA,NA,8860,NA,NA,NA,NA
1987,1,1987-01-01,NA,NA,NA,NA,NA,NA,NA,NA,NA,NA,NA,13326,NA,NA,NA,NA
1987,2,1987-02-01,NA,NA,NA,NA,NA,NA,NA,NA,NA,NA,NA,9744,NA,NA,NA,NA
1987,3,1987-03-01,NA,NA,NA,NA,NA,NA,NA,NA,NA,NA,NA,8095,NA,NA,NA,NA
1987,4,1987-04-01,NA,NA,NA,NA,NA,NA,NA,NA,NA,NA,NA,9472,NA,NA,NA,NA
1987,5,1987-05-01,NA,NA,NA,NA,NA,NA,NA,NA,NA,NA,NA,19363,NA,NA,NA,NA
1987,6,1987-06-01,NA,NA,NA,NA,NA,NA,NA,NA,NA,NA,NA,12986,NA,NA,NA,NA
1987,7,1987-07-01,NA,NA,NA,NA,NA,NA,NA,NA,NA,NA,NA,17344,NA,NA,NA,NA
1987,8,1987-08-01,NA,NA,NA,NA,NA,NA,NA,NA,NA,NA,NA,24419,NA,NA,NA,NA
1987,9,1987-09-01,NA,NA,NA,NA,NA,NA,NA,NA,NA,NA,NA,19533,NA,NA,NA,NA
1987,10,1987-10-01,NA,NA,NA,NA,NA,NA,NA,NA,NA,NA,NA,15094,NA,NA,NA,NA
1987,11,1987-11-01,NA,NA,NA,NA,NA,NA,NA,NA,NA,NA,NA,13844,NA,NA,NA,NA
1987,12,1987-12-01,NA,NA,NA,NA,NA,NA,NA,NA,NA,NA,NA,11387,NA,NA,NA,NA
1988,1,1988-01-01,NA,NA,NA,NA,NA,NA,NA,NA,NA,NA,NA,14484,NA,NA,NA,NA
1988,2,1988-02-01,NA,NA,NA,NA,NA,NA,NA,NA,NA,NA,NA,10178,NA,NA,NA,NA
1988,3,1988-03-01,NA,NA,NA,NA,NA,NA,NA,NA,NA,NA,NA,12457,NA,NA,NA,NA
1988,4,1988-04-01,NA,NA,NA,NA,NA,NA,NA,NA,NA,NA,NA,11288,NA,NA,NA,NA
1988,5,1988-05-01,NA,NA,NA,NA,NA,NA,NA,NA,NA,NA,NA,13900,NA,NA,NA,NA
1988,6,1988-06-01,NA,NA,NA,NA,NA,NA,NA,NA,NA,NA,NA,10947,NA,NA,NA,NA
1988,7,1988-07-01,NA,NA,NA,NA,NA,NA,NA,NA,NA,NA,NA,19317,NA,NA,NA,NA
1988,8,1988-08-01,NA,NA,NA,NA,NA,NA,NA,NA,NA,NA,NA,21977,NA,NA,NA,NA
1988,9,1988-09-01,NA,NA,NA,NA,NA,NA,NA,NA,NA,NA,NA,19041,NA,NA,NA,NA
1988,10,1988-10-01,NA,NA,NA,NA,NA,NA,NA,NA,NA,NA,NA,13984,NA,NA,NA,NA
1988,11,1988-11-01,NA,NA,NA,NA,NA,NA,NA,NA,NA,NA,NA,11321,NA,NA,NA,NA
1988,12,1988-12-01,NA,NA,NA,NA,NA,NA,NA,NA,NA,NA,NA,9698,NA,NA,NA,NA
1989,1,1989-01-01,NA,NA,NA,NA,NA,NA,NA,NA,NA,NA,NA,13244,NA,NA,NA,NA
1989,2,1989-02-01,NA,NA,NA,NA,NA,NA,NA,NA,NA,NA,NA,9172,NA,NA,NA,NA
1989,3,1989-03-01,NA,NA,NA,NA,NA,NA,NA,NA,NA,NA,NA,10289,NA,NA,NA,NA
1989,4,1989-04-01,NA,NA,NA,NA,NA,NA,NA,NA,NA,NA,NA,10542,NA,NA,NA,NA
1989,5,1989-05-01,NA,NA,NA,NA,NA,NA,NA,NA,NA,NA,NA,12249,NA,NA,NA,NA
1989,6,1989-06-01,NA,NA,NA,NA,NA,NA,NA,NA,NA,NA,NA,11313,NA,NA,NA,NA
1989,7,1989-07-01,NA,NA,NA,NA,NA,NA,NA,NA,NA,NA,NA,19689,NA,NA,NA,NA
1989,8,1989-08-01,NA,NA,NA,NA,NA,NA,NA,NA,NA,NA,NA,17787,NA,NA,NA,NA
1989,9,1989-09-01,NA,NA,NA,NA,NA,NA,NA,NA,NA,NA,NA,16051,NA,NA,NA,NA
1989,10,1989-10-01,NA,NA,NA,NA,NA,NA,NA,NA,NA,NA,NA,12604,NA,NA,NA,NA
1989,11,1989-11-01,NA,NA,NA,NA,NA,NA,NA,NA,NA,NA,NA,10953,NA,NA,NA,NA
1989,12,1989-12-01,NA,NA,NA,NA,NA,NA,NA,NA,NA,NA,NA,8769,NA,NA,NA,NA
1990,1,1990-01-01,NA,NA,NA,NA,NA,NA,NA,NA,NA,NA,NA,11640,NA,NA,NA,NA
1990,2,1990-02-01,NA,NA,NA,NA,NA,NA,NA,NA,NA,NA,NA,7101,NA,NA,NA,NA
1990,3,1990-03-01,NA,NA,NA,NA,NA,NA,NA,NA,NA,NA,NA,8183,NA,NA,NA,NA
1990,4,1990-04-01,NA,NA,NA,NA,NA,NA,NA,NA,NA,NA,NA,11908,NA,NA,NA,NA
1990,5,1990-05-01,NA,NA,NA,NA,NA,NA,NA,NA,NA,NA,NA,9579,NA,NA,NA,NA
1990,6,1990-06-01,NA,NA,NA,NA,NA,NA,NA,NA,NA,NA,NA,10708,NA,NA,NA,NA
1990,7,1990-07-01,NA,NA,NA,NA,NA,NA,NA,NA,NA,NA,NA,16876,NA,NA,NA,NA
1990,8,1990-08-01,NA,NA,NA,NA,NA,NA,NA,NA,NA,NA,NA,22035,NA,NA,NA,NA
1990,9,1990-09-01,NA,NA,NA,NA,NA,NA,NA,NA,NA,NA,NA,6852,NA,NA,NA,NA
1990,10,1990-10-01,NA,NA,NA,NA,NA,NA,NA,NA,NA,NA,NA,15878,NA,NA,NA,NA
1990,11,1990-11-01,NA,NA,NA,NA,NA,NA,NA,NA,NA,NA,NA,13385,NA,NA,NA,NA
1990,12,1990-12-01,NA,NA,NA,NA,NA,NA,NA,NA,NA,NA,NA,9938,NA,NA,NA,NA
1991,1,1991-01-01,NA,NA,NA,NA,NA,NA,NA,NA,NA,NA,NA,12309,NA,NA,NA,NA
1991,2,1991-02-01,NA,NA,NA,NA,NA,NA,NA,NA,NA,NA,NA,6946,NA,NA,NA,NA
1991,3,1991-03-01,NA,NA,NA,NA,NA,NA,NA,NA,NA,NA,NA,9252,NA,NA,NA,NA
1991,4,1991-04-01,NA,NA,NA,NA,NA,NA,NA,NA,NA,NA,NA,9250,NA,NA,NA,NA
1991,5,1991-05-01,NA,NA,NA,NA,NA,NA,NA,NA,NA,NA,NA,15562,NA,NA,NA,NA
1991,6,1991-06-01,NA,NA,NA,NA,NA,NA,NA,NA,NA,NA,NA,9646,NA,NA,NA,NA
1991,7,1991-07-01,NA,NA,NA,NA,NA,NA,NA,NA,NA,NA,NA,15962,NA,NA,NA,NA
1991,8,1991-08-01,NA,NA,NA,NA,NA,NA,NA,NA,NA,NA,NA,19651,NA,NA,NA,NA
1991,9,1991-09-01,NA,NA,NA,NA,NA,NA,NA,NA,NA,NA,NA,16067,NA,NA,NA,NA
1991,10,1991-10-01,NA,NA,NA,NA,NA,NA,NA,NA,NA,NA,NA,14059,NA,NA,NA,NA
1991,11,1991-11-01,NA,NA,NA,NA,NA,NA,NA,NA,NA,NA,NA,11377,NA,NA,NA,NA
1991,12,1991-12-01,NA,NA,NA,NA,NA,NA,NA,NA,NA,NA,NA,9182,NA,NA,NA,NA
1992,1,1992-01-01,NA,NA,NA,NA,NA,NA,NA,NA,NA,NA,NA,14090,NA,NA,NA,NA
1992,2,1992-02-01,NA,NA,NA,NA,NA,NA,NA,NA,NA,NA,NA,9911,NA,NA,NA,NA
1992,3,1992-03-01,NA,NA,NA,NA,NA,NA,NA,NA,NA,NA,NA,11527,NA,NA,NA,NA
1992,4,1992-04-01,NA,NA,NA,NA,NA,NA,NA,NA,NA,NA,NA,13683,NA,NA,NA,NA
1992,5,1992-05-01,NA,NA,NA,NA,NA,NA,NA,NA,NA,NA,NA,16830,NA,NA,NA,NA
1992,6,1992-06-01,NA,NA,NA,NA,NA,NA,NA,NA,NA,NA,NA,14340,NA,NA,NA,NA
1992,7,1992-07-01,NA,NA,NA,NA,NA,NA,NA,NA,NA,NA,NA,18813,NA,NA,NA,NA
1992,8,1992-08-01,NA,NA,NA,NA,NA,NA,NA,NA,NA,NA,NA,11384,NA,NA,NA,NA
1992,9,1992-09-01,NA,NA,NA,NA,NA,NA,NA,NA,NA,NA,NA,18785,NA,NA,NA,NA
1992,10,1992-10-01,NA,NA,NA,NA,NA,NA,NA,NA,NA,NA,NA,16457,NA,NA,NA,NA
1992,11,1992-11-01,NA,NA,NA,NA,NA,NA,NA,NA,NA,NA,NA,13644,NA,NA,NA,NA
1992,12,1992-12-01,NA,NA,NA,NA,NA,NA,NA,NA,NA,NA,NA,9717,NA,NA,NA,NA
1993,1,1993-01-01,NA,NA,NA,NA,NA,NA,NA,NA,NA,NA,NA,14405,NA,NA,NA,NA
1993,2,1993-02-01,NA,NA,NA,NA,NA,NA,NA,NA,NA,NA,NA,9069,NA,NA,NA,NA
1993,3,1993-03-01,NA,NA,NA,NA,NA,NA,NA,NA,NA,NA,NA,8631,NA,NA,NA,NA
1993,4,1993-04-01,NA,NA,NA,NA,NA,NA,NA,NA,NA,NA,NA,13048,NA,NA,NA,NA
1993,5,1993-05-01,NA,NA,NA,NA,NA,NA,NA,NA,NA,NA,NA,16138,NA,NA,NA,NA
1993,6,1993-06-01,NA,NA,NA,NA,NA,NA,NA,NA,NA,NA,NA,13866,NA,NA,NA,NA
1993,7,1993-07-01,NA,NA,NA,NA,NA,NA,NA,NA,NA,NA,NA,23904,NA,NA,NA,NA
1993,8,1993-08-01,NA,NA,NA,NA,NA,NA,NA,NA,NA,NA,NA,25913,NA,NA,NA,NA
1993,9,1993-09-01,NA,NA,NA,NA,NA,NA,NA,NA,NA,NA,NA,17685,NA,NA,NA,NA
1993,10,1993-10-01,NA,NA,NA,NA,NA,NA,NA,NA,NA,NA,NA,20382,NA,NA,NA,NA
1993,11,1993-11-01,NA,NA,NA,NA,NA,NA,NA,NA,NA,NA,NA,13349,NA,NA,NA,NA
1993,12,1993-12-01,NA,NA,NA,NA,NA,NA,NA,NA,NA,NA,NA,8477,NA,NA,NA,NA
1994,1,1994-01-01,NA,NA,NA,NA,NA,NA,NA,NA,NA,NA,NA,16233,NA,NA,NA,NA
1994,2,1994-02-01,NA,NA,NA,NA,NA,NA,NA,NA,NA,NA,NA,9889,NA,NA,NA,NA
1994,3,1994-03-01,NA,NA,NA,NA,NA,NA,NA,NA,NA,NA,NA,10897,NA,NA,NA,NA
1994,4,1994-04-01,NA,NA,NA,NA,NA,NA,NA,NA,NA,NA,NA,14224,NA,NA,NA,NA
1994,5,1994-05-01,NA,NA,NA,NA,NA,NA,NA,NA,NA,NA,NA,10717,NA,NA,NA,NA
1994,6,1994-06-01,NA,NA,NA,NA,NA,NA,NA,NA,NA,NA,NA,12325,NA,NA,NA,NA
1994,7,1994-07-01,NA,NA,NA,NA,NA,NA,NA,NA,NA,NA,NA,23520,NA,NA,NA,NA
1994,8,1994-08-01,NA,NA,NA,NA,NA,NA,NA,NA,NA,NA,NA,25357,NA,NA,NA,NA
1994,9,1994-09-01,NA,NA,NA,NA,NA,NA,NA,NA,NA,NA,NA,17069,NA,NA,NA,NA
1994,10,1994-10-01,NA,NA,NA,NA,NA,NA,NA,NA,NA,NA,NA,15732,NA,NA,NA,NA
1994,11,1994-11-01,NA,NA,NA,NA,NA,NA,NA,NA,NA,NA,NA,10057,NA,NA,NA,NA
1994,12,1994-12-01,NA,NA,NA,NA,NA,NA,NA,NA,NA,NA,NA,9206,NA,NA,NA,NA
1995,1,1995-01-01,128,0,0,3,153,6,290,12221,0,12221,167,17214,12511,4703,12678,4536
1995,2,1995-02-01,658,0,26,44,506,10,1244,15978,0,15978,1344,31442,17222,14220,18566,12876
1995,3,1995-03-01,1241,0,0,20,261,64,1586,20448,0,20448,1598,35350,22034,13316,23632,11718
1995,4,1995-04-01,1507,0,138,108,519,377,2649,20583,0,20583,2799,38046,23232,14814,26031,12015
1995,5,1995-05-01,1798,0,185,83,1290,228,3584,19152,0,19152,3588,37915,22736,15179,26324,11591
1995,6,1995-06-01,1748,0,145,202,997,134,3226,23018,0,23018,2695,39637,26244,13393,28939,10698
1995,7,1995-07-01,2447,0,269,338,1528,623,5205,32666,0,32666,3892,72446,37871,34575,41763,30683
1995,8,1995-08-01,2383,0,287,381,1360,418,4829,28194,0,28194,3857,98958,33023,65935,36880,62078
1995,9,1995-09-01,1120,0,271,209,1060,331,2991,19531,0,19531,2411,53242,22522,30720,24933,28309
1995,10,1995-10-01,901,0,183,67,0,192,1343,18090,0,18090,1830,47251,19433,27818,21263,25988
1995,11,1995-11-01,842,0,31,40,0,35,948,13122,0,13122,1404,43371,14070,29301,15474,27897
1995,12,1995-12-01,78,0,0,0,0,18,96,7437,0,7437,494,11010,7533,3477,8027,2983
1996,1,1996-01-01,396,0,128,38,153,9,724,14600,0,14600,702,30975,15324,15651,16026,14949
1996,2,1996-02-01,667,0,0,16,506,0,1189,18127,0,18127,1115,33763,19316,14447,20431,13332
1996,3,1996-03-01,2004,0,22,50,261,113,2450,27918,0,27918,2768,44735,30368,14367,33136,11599
1996,4,1996-04-01,1551,0,61,23,519,216,2370,19471,0,19471,2563,29569,21841,7728,24404,5165
1996,5,1996-05-01,1867,0,10,55,1290,198,3420,18705,0,18705,3323,49880,22125,27755,25448,24432
1996,6,1996-06-01,1837,0,51,185,997,102,3172,28155,0,28155,3224,58675,31327,27348,34551,24124
1996,7,1996-07-01,2469,0,188,376,1528,599,5160,31712,0,31712,3850,58793,36872,21921,40722,18071
1996,8,1996-08-01,2189,0,162,363,1360,755,4829,31035,0,31035,3956,59818,35864,23954,39820,19998
1996,9,1996-09-01,1383,0,180,110,1060,223,2956,21626,0,21626,1923,44349,24582,19767,26505,17844
1996,10,1996-10-01,696,0,81,105,721,251,1854,17762,0,17762,1674,29946,19616,10330,21290,8656
1996,11,1996-11-01,580,0,62,22,749,235,1648,18457,0,18457,1328,32510,20105,12405,21433,11077
1996,12,1996-12-01,495,0,0,0,358,0,853,15968,0,15968,787,17702,16821,881,17608,94
1997,1,1997-01-01,673,0,0,8,529,10,1220,21267,0,21267,846,50357,22487,27870,23333,27024
1997,2,1997-02-01,824,0,0,0,960,44,1828,22944,0,22944,1609,34209,24772,9437,26381,7828
1997,3,1997-03-01,2231,0,0,49,1112,91,3483,23485,0,23485,3126,42654,26968,15686,30094,12560
1997,4,1997-04-01,1587,0,62,93,1008,189,2939,25391,0,25391,2824,38662,28330,10332,31154,7508
1997,5,1997-05-01,2145,0,156,88,2072,323,4784,26172,0,26172,4047,44930,30956,13974,35003,9927
1997,6,1997-06-01,1367,0,82,183,1321,102,3055,28261,0,28261,2791,43013,31316,11697,34107,8906
1997,7,1997-07-01,2300,0,128,192,2405,261,5286,31132,0,31132,4634,55698,36418,19280,41052,14646
1997,8,1997-08-01,2714,0,169,96,2520,480,5979,34294,0,34294,4886,61455,40273,21182,45159,16296
1997,9,1997-09-01,1153,0,147,0,1971,275,3546,21194,0,21194,3073,39266,24740,14526,27813,11453
1997,10,1997-10-01,558,0,55,0,1150,335,2098,20017,0,20017,2194,30128,22115,8013,24309,5819
1997,11,1997-11-01,608,0,0,0,914,42,1564,19184,0,19184,1532,30279,20748,9531,22280,7999
1997,12,1997-12-01,312,0,0,0,220,0,532,15372,0,15372,513,18106,15904,2202,16417,1689
1998,1,1998-01-01,547,0,0,4,241,0,792,20679,0,20679,697,28012,21471,6541,22168,5844
1998,2,1998-02-01,339,0,0,0,51,0,390,16341,0,16341,395,18921,16731,2190,17126,1795
1998,3,1998-03-01,1899,0,0,0,818,16,2733,28156,0,28156,2677,42505,30889,11616,33566,8939
1998,4,1998-04-01,1620,0,44,43,603,173,2483,31736,0,31736,2432,47879,34219,13660,36651,11228
1998,5,1998-05-01,2197,0,101,34,1580,821,4733,39106,0,39106,4520,66763,43839,22924,48359,18404
1998,6,1998-06-01,1897,0,111,312,2342,431,5093,29674,0,29674,4198,58043,34767,23276,38965,19078
1998,7,1998-07-01,2392,0,252,160,2719,575,6098,33686,0,33686,4883,64375,39784,24591,44667,19708
1998,8,1998-08-01,2384,0,102,374,2733,486,6079,32223,0,32223,5075,75567,38302,37265,43377,32190
1998,9,1998-09-01,1250,0,245,110,2845,632,5082,23037,0,23037,6209,58488,28119,30369,34328,24160
1998,10,1998-10-01,1287,0,214,95,1508,273,3377,21474,0,21474,2644,49207,24851,24356,27495,21712
1998,11,1998-11-01,769,0,12,12,768,119,1680,19907,0,19907,1587,43226,21587,21639,23174,20052
1998,12,1998-12-01,467,0,0,0,187,0,654,17130,0,17130,601,21284,17784,3500,18385,2899
1999,1,1999-01-01,495,0,0,0,310,22,827,21294,0,21294,821,35545,22121,13424,22942,12603
1999,2,1999-02-01,590,0,0,0,534,24,1148,22845,0,22845,1160,33800,23993,9807,25153,8647
1999,3,1999-03-01,1622,0,45,2,731,66,2466,25043,0,25043,2391,45707,27509,18198,29900,15807
1999,4,1999-04-01,1910,0,25,15,1457,182,3589,34060,0,34060,2273,51502,37649,13853,39922,11580
1999,5,1999-05-01,2352,0,166,71,3418,498,6505,41331,0,41331,4199,67729,47836,19893,52035,15694
1999,6,1999-06-01,1727,0,87,230,1292,385,3721,29053,0,29053,3134,49562,32774,16788,35908,13654
1999,7,1999-07-01,2341,0,132,235,2379,304,5391,37835,0,37835,4446,82870,43226,39644,47672,35198
1999,8,1999-08-01,2498,0,235,239,2918,725,6615,28408,0,28408,4832,68762,35023,33739,39855,28907
1999,9,1999-09-01,1158,0,136,18,2282,334,3928,23605,0,23605,2358,51389,27533,23856,29891,21498
1999,10,1999-10-01,1129,0,187,121,1813,283,3533,19938,0,19938,2444,53603,23471,30132,25915,27688
1999,11,1999-11-01,719,0,40,152,762,39,1712,19773,0,19773,455,37893,21485,16408,21940,15953
1999,12,1999-12-01,330,0,86,0,340,77,833,19238,0,19238,914,28695,20071,8624,20985,7710
2000,1,2000-01-01,293,0,0,9,580,34,916,19768,0,19768,880,25593,20684,4909,21564,4029
2000,2,2000-02-01,325,0,43,0,126,0,494,19457,0,19457,486,22835,19951,2884,20437,2398
2000,3,2000-03-01,1783,0,0,6,1287,104,3180,25398,0,25398,2715,36054,28578,7476,31293,4761
2000,4,2000-04-01,1655,0,0,160,1738,311,3864,29322,0,29322,3359,40524,33186,7338,36545,3979
2000,5,2000-05-01,2269,0,87,125,1946,401,4828,29686,0,29686,4486,53695,34514,19181,39000,14695
2000,6,2000-06-01,2360,0,225,210,1826,484,5105,31956,0,31956,4280,51410,37061,14349,41341,10069
2000,7,2000-07-01,3060,0,145,320,2685,443,6653,32962,0,32962,4719,58609,39615,18994,44334,14275
2000,8,2000-08-01,2165,0,222,247,3525,430,6589,34012,0,34012,7481,59677,40601,19076,48082,11595
2000,9,2000-09-01,1258,115,244,7,1906,249,3779,33239,959,34198,3615,55317,37977,17340,41592,13725
2000,10,2000-10-01,688,236,79,6,1245,159,2413,15789,574,16363,2426,25547,18776,6771,21202,4345
2000,11,2000-11-01,422,0,3,3,671,22,1121,19861,650,20511,1401,25772,21632,4140,23033,2739
2000,12,2000-12-01,306,23,9,7,462,25,832,23026,220,23246,903,27538,24078,3460,24981,2557
2001,1,2001-01-01,307,42,0,32,276,10,667,24132,356,24488,624,32316,25155,7161,25779,6537
2001,2,2001-02-01,561,20,2,0,250,0,833,19596,648,20244,763,27664,21077,6587,21840,5824
2001,3,2001-03-01,1303,30,0,7,857,73,2270,23454,484,23938,3259,32570,26208,6362,29467,3103
2001,4,2001-04-01,1982,167,71,95,1898,111,4324,27535,344,27879,3536,42779,32203,10576,35739,7040
2001,5,2001-05-01,3283,169,241,68,1881,136,5778,28996,488,29484,5467,57457,35262,22195,40729,16728
2001,6,2001-06-01,1807,0,84,248,2953,172,5264,30960,540,31500,5243,52617,36764,15853,42007,10610
2001,7,2001-07-01,2095,195,234,241,2735,488,5988,31746,800,32546,5406,60541,38534,22007,43940,16601
2001,8,2001-08-01,2481,0,289,420,4716,285,8191,32915,977,33892,6036,66809,42083,24726,48119,18690
2001,9,2001-09-01,2123,0,95,53,3343,522,6136,23015,759,23774,3834,45530,29910,15620,33744,11786
2001,10,2001-10-01,1728,0,76,37,2056,179,4076,20016,448,20464,2687,43007,24540,18467,27227,15780
2001,11,2001-11-01,261,0,167,8,965,68,1469,21213,585,21798,1160,29532,23267,6265,24427,5105
2001,12,2001-12-01,115,0,2,0,561,0,678,24903,496,25399,633,29606,26077,3529,26710,2896
2002,1,2002-01-01,491,0,14,4,573,15,1097,25880,941,26821,1794,36653,27918,8735,29712,6941
2002,2,2002-02-01,2002,0,4,10,494,26,2536,26382,961,27343,2260,39572,29879,9693,32139,7433
2002,3,2002-03-01,2390,65,52,47,897,22,3473,27423,963,28386,2892,53729,31859,21870,34751,18978
2002,4,2002-04-01,2267,24,35,111,2299,242,4978,32035,770,32805,3934,68305,37783,30522,41717,26588
2002,5,2002-05-01,2396,241,86,7,3898,321,6949,32462,543,33005,4973,73469,39954,33515,44927,28542
2002,6,2002-06-01,2347,284,75,235,3158,204,6303,34279,575,34854,4633,56850,41157,15693,45790,11060
2002,7,2002-07-01,2378,295,216,249,3516,560,7214,33887,843,34730,5604,60572,41944,18628,47548,13024
2002,8,2002-08-01,2600,219,197,508,5128,397,9049,31132,927,32059,5830,69022,41108,27914,46938,22084
2002,9,2002-09-01,1997,421,411,103,3950,533,7415,28579,696,29275,3511,54380,36690,17690,40201,14179
2002,10,2002-10-01,1196,186,129,35,2635,221,4402,19295,555,19850,2735,37715,24252,13463,26987,10728
2002,11,2002-11-01,430,93,3,50,935,84,1595,21696,541,22237,1573,32613,23832,8781,25405,7208
2002,12,2002-12-01,216,171,20,0,695,53,1155,25111,556,25667,1004,31055,26822,4233,27826,3229
2003,1,2003-01-01,789,120,0,3,997,50,1959,25000,897,25897,1522,39792,27856,11936,29378,10414
2003,2,2003-02-01,900,124,0,0,862,24,1910,21000,780,21780,1896,32769,23690,9079,25586,7183
2003,3,2003-03-01,1143,141,36,5,959,91,2375,26500,763,27263,2201,39387,29638,9749,31839,7548
2003,4,2003-04-01,1291,290,22,89,2089,239,4020,31000,683,31683,3644,43248,35703,7545,39347,3901
2003,5,2003-05-01,2024,428,133,63,2803,113,5564,33500,551,34051,5701,57610,39615,17995,45316,12294
2003,6,2003-06-01,1684,1246,102,251,4826,360,8469,33500,583,34083,5699,66795,42552,24243,48251,18544
2003,7,2003-07-01,2051,1621,229,318,7010,385,11614,34500,848,35348,7264,71851,46962,24889,54226,17625
2003,8,2003-08-01,2163,1532,221,424,7157,899,12396,32500,900,33400,5523,74376,45796,28580,51319,23057
2003,9,2003-09-01,2100,256,140,188,3766,340,6790,29500,612,30112,3065,55783,36902,18881,39967,15816
2003,10,2003-10-01,944,535,120,137,3783,407,5926,21000,600,21600,3158,41312,27526,13786,30684,10628
2003,11,2003-11-01,604,273,46,2,1104,121,2150,22500,593,23093,2004,31566,25243,6323,27247,4319
2003,12,2003-12-01,340,56,9,10,675,21,1111,26500,553,27053,829,31430,28164,3266,28993,2437
2004,1,2004-01-01,3468,112,8,72,997,49,4706,25250,811,26061,970,37978,30767,7211,31737,6241
2004,2,2004-02-01,534,300,0,40,923,32,1829,21210,880,22090,1385,30637,23919,6718,25304,5333
2004,3,2004-03-01,2175,214,5,124,1908,66,4492,26765,229,26994,4365,40684,31486,9198,35851,4833
2004,4,2004-04-01,1707,426,11,254,4495,214,7107,31310,995,32305,4347,56831,39412,17419,43759,13072
2004,5,2004-05-01,1654,350,91,67,5528,307,7997,33835,853,34688,5594,61310,42685,18625,48279,13031
2004,6,2004-06-01,1618,713,8,179,3201,199,5918,34835,887,35722,5325,58033,41640,16393,46965,11068
2004,7,2004-07-01,2148,2452,259,274,8616,784,14533,34202,1085,35287,7000,62994,49820,13174,56820,6174
2004,8,2004-08-01,2156,4337,166,371,9665,993,17688,32825,889,33714,6841,79304,51402,27902,58243,21061
2004,9,2004-09-01,884,463,357,195,5436,709,8044,29795,635,30430,4134,61629,38474,23155,42608,19021
2004,10,2004-10-01,666,395,296,41,3209,393,5000,7576,818,8394,2799,26026,13394,12632,16193,9833
2004,11,2004-11-01,602,272,0,16,978,45,1913,6706,669,7375,1810,13107,9288,3819,11098,2009
2004,12,2004-12-01,43,140,0,0,406,16,605,5500,580,6080,589,9183,6685,2498,7274,1909
2005,1,2005-01-01,170,45,0,0,205,0,420,12210,822,13032,378,19573,13452,6121,13830,5743
2005,2,2005-02-01,369,165,2,5,475,0,1016,9970,717,10687,1009,21574,11703,9871,12712,8862
2005,3,2005-03-01,1339,395,43,67,2291,22,4157,13408,754,14162,3012,41489,18319,23170,21331,20158
2005,4,2005-04-01,1521,782,38,188,3333,50,5912,12879,887,13766,4726,40623,19678,20945,24404,16219
2005,5,2005-05-01,1675,767,190,93,4365,263,7353,14960,848,15808,5152,38757,23161,15596,28313,10444
2005,6,2005-06-01,1654,700,128,137,6157,200,8976,17247,853,18100,6137,61422,27076,34346,33213,28209
2005,7,2005-07-01,2125,684,301,404,7904,862,12280,21627,939,22566,7416,64849,34846,30003,42262,22587
2005,8,2005-08-01,1655,1194,379,401,6078,585,10292,17674,797,18471,7077,52469,28763,23706,35840,16629
2005,9,2005-09-01,740,762,282,307,4148,477,6716,12826,691,13517,4192,42447,20233,22214,24425,18022
2005,10,2005-10-01,431,439,168,0,4170,252,5460,9505,564,10069,2668,28700,15529,13171,18197,10503
2005,11,2005-11-01,689,484,4,0,384,171,1732,9949,876,10825,1444,22204,12557,9647,14001,8203
2005,12,2005-12-01,47,340,0,0,343,20,750,8800,341,9141,667,NA,9891,NA,10558,NA
2006,1,2006-01-01,284,387,0,0,166,0,837,9333,515,9848,754,16009,10685,5324,11439,4570
2006,2,2006-02-01,523,284,2,0,401,21,1231,12081,481,12562,1521,22396,13793,8603,15314,7082
2006,3,2006-03-01,1081,537,32,0,1051,64,2765,11073,317,11390,2687,30129,14155,15974,16842,13287
2006,4,2006-04-01,1774,719,18,0,2640,124,5275,11393,375,11768,4355,35366,17043,18323,21398,13968
2006,5,2006-05-01,1330,782,304,0,4155,469,7040,11461,540,12001,5240,32466,19041,13425,24281,8185
2006,6,2006-06-01,1685,773,8,0,5360,472,8298,15759,456,16215,6175,39562,24513,15049,30688,8874
2006,7,2006-07-01,1489,835,147,213,5923,496,9103,19773,643,20416,7452,50276,29519,20757,36971,13305
2006,8,2006-08-01,1740,670,403,246,5449,975,9483,14548,824,15372,7272,51456,24855,26601,32127,19329
2006,9,2006-09-01,999,654,497,674,4052,550,7426,13185,275,13460,5416,36954,20886,16068,26302,10652
2006,10,2006-10-01,443,683,170,28,2273,644,4241,9495,293,9788,3530,23665,14029,9636,17559,6106
2006,11,2006-11-01,190,362,10,5,1189,232,1988,9566,398,9964,2216,21689,11952,9737,14168,7521
2006,12,2006-12-01,104,0,0,6,995,0,1105,8117,390,8507,45,15288,9612,5676,9657,5631
2007,1,2007-01-01,284,211,10,14,689,9,1217,7596,352,7948,1007,16087,9165,6922,10172,5915
2007,2,2007-02-01,523,233,0,10,539,4,1309,11505,484,11989,992,23541,13298,10243,14290,9251
2007,3,2007-03-01,1564,543,45,50,2782,51,5035,11816,595,12411,4261,38890,17446,21444,21707,17183
2007,4,2007-04-01,1221,731,0,200,3274,172,5598,12903,587,13490,4576,35241,19088,16153,23664,11577
2007,5,2007-05-01,1536,728,119,75,4229,392,7079,12983,400,13383,6034,30366,20462,9904,26496,3870
2007,6,2007-06-01,1200,711,26,47,4470,353,6807,16035,428,16463,6014,37646,23270,14376,29284,8362
2007,7,2007-07-01,1556,781,205,10,4964,1008,8524,17158,757,17915,7454,43741,26439,17302,33893,9848
2007,8,2007-08-01,1226,786,204,85,6245,885,9431,14996,770,15766,7091,43895,25197,18698,32288,11607
2007,9,2007-09-01,880,857,380,62,3400,881,6460,11467,510,11977,5119,36658,18437,18221,23556,13102
2007,10,2007-10-01,298,681,56,124,2786,495,4440,10545,510,11055,3254,21340,15495,5845,18749,2591
2007,11,2007-11-01,245,483,100,10,1933,87,2858,8902,303,9205,2422,16468,12063,4405,14485,1983
2007,12,2007-12-01,258,267,22,0,965,13,1525,8147,266,8413,1506,16933,9938,6995,11444,5489
2008,1,2008-01-01,207,336,0,0,559,8,1110,8983,0,8983,695,13861,10093,3768,10788,3073
2008,2,2008-02-01,552,281,0,0,731,97,1661,10822,0,10822,1609,19698,12483,7215,14092,5606
2008,3,2008-03-01,1485,387,1,0,1950,21,3844,12944,366,13310,3822,30885,17154,13731,20976,9909
2008,4,2008-04-01,1505,319,20,77,2794,220,4935,7841,286,8127,4507,29361,13062,16299,17569,11792
2008,5,2008-05-01,1536,725,126,63,4248,296,6994,9224,485,9709,5994,22006,16703,5303,22697,-691
2008,6,2008-06-01,1717,1519,98,189,5338,540,9401,13864,540,14404,6364,36709,23805,12904,30169,6540
2008,7,2008-07-01,2293,937,45,68,7535,791,11669,16746,738,17484,7956,46116,29153,16963,37109,9007
2008,8,2008-08-01,1932,800,261,105,7860,1424,12382,16129,955,17084,7976,46593,29466,17127,37442,9151
2008,9,2008-09-01,636,880,395,59,4667,534,7171,11902,469,12371,4536,30425,19542,10883,24078,6347
2008,10,2008-10-01,455,488,105,0,3319,318,4685,11230,711,11941,3100,23139,16626,6513,19726,3413
2008,11,2008-11-01,492,346,2,0,2719,53,3612,9947,526,10473,2243,18847,14085,4762,16328,2519
2008,12,2008-12-01,188,322,0,0,995,4,1509,8054,261,8315,1256,14537,9824,4713,11080,3457
2009,1,2009-01-01,250,345,0,0,1011,16,1622,11082,498,11580,1606,17352,13202,4150,14808,2544
2009,2,2009-02-01,413,237,0,0,1201,2,1853,10699,651,11350,1301,24320,13203,11117,14504,9816
2009,3,2009-03-01,1023,527,27,0,2018,35,3630,12430,846,13276,3907,35244,16906,18338,20813,14431
2009,4,2009-04-01,1188,411,8,0,3251,243,5101,16616,636,17252,3915,36596,22353,14243,26268,10328
2009,5,2009-05-01,1512,958,322,0,6693,543,10028,14935,488,15423,6959,39758,25451,14307,32410,7348
2009,6,2009-06-01,1700,758,61,123,5471,464,8577,15062,527,15589,6211,29663,24166,5497,30377,-714
2009,7,2009-07-01,1850,750,191,0,6758,620,10169,17291,1039,18330,7515,42749,28499,14250,36014,6735
2009,8,2009-08-01,1639,825,312,83,7818,759,11436,16891,965,17856,6894,46835,29292,17543,36186,10649
2009,9,2009-09-01,810,344,305,55,5952,618,8084,13398,468,13866,4833,29820,21950,7870,26783,3037
2009,10,2009-10-01,0,465,161,107,4207,254,5194,10154,0,10154,3812,19619,15348,4271,19160,459
2009,11,2009-11-01,0,0,16,165,1912,26,2119,9723,420,10143,2112,14275,12262,2013,14374,-99
2009,12,2009-12-01,0,293,6,10,1184,0,1493,9079,236,9315,1534,12514,10808,1706,12342,172
2010,1,2010-01-01,307,157,10,3,794,10,1281,10807,367,11174,1261,19213,12455,6758,13716,5497
2010,2,2010-02-01,929,15,0,0,1092,21,2057,11826,386,12212,2233,23044,14269,8775,16502,6542
2010,3,2010-03-01,1317,160,8,82,2834,30,4431,12317,698,13015,3781,24377,17446,6931,21227,3150
2010,4,2010-04-01,653,312,0,38,5302,48,6353,13392,0,13392,4261,22903,19745,3158,24006,-1103
2010,5,2010-05-01,900,0,123,11,5973,299,7306,14879,0,14879,5740,26806,22185,4621,27925,-1119
2010,6,2010-06-01,789,742,143,292,6854,308,9128,16392,0,16392,6260,27992,25520,2472,31780,-3788
2010,7,2010-07-01,72,0,339,176,2995,481,4063,21561,0,21561,6951,29118,25624,3494,32575,-3457
2010,8,2010-08-01,24,94,228,72,10406,444,11268,14725,777,15502,6595,32454,26770,5684,33365,-911
2010,9,2010-09-01,92,88,431,80,2632,506,3829,13371,419,13790,4348,22813,17619,5194,21967,846
2010,10,2010-10-01,0,94,196,150,1520,273,2233,10718,419,11137,3534,16520,13370,3150,16904,-384
2010,11,2010-11-01,0,346,17,11,2557,11,2942,14136,233,14369,2429,19691,17311,2380,19740,-49
2010,12,2010-12-01,0,293,0,10,1159,15,1477,9213,102,9315,1434,12584,10792,1792,12226,358
2011,1,2011-01-01,4,211,0,0,1218,14,1447,10104,488,10592,1372,14343,12039,2304,13411,932
2011,2,2011-02-01,0,0,5,0,1105,5,1115,767,675,1442,1594,5384,2557,2827,4151,1233
2011,3,2011-03-01,1085,26,3,11,669,15,1809,11387,0,11387,3566,16432,13196,3236,16762,-330
2011,4,2011-04-01,379,0,23,47,5178,30,5657,13634,332,13966,5027,24939,19623,5316,24650,289
2011,5,2011-05-01,774,0,29,62,3495,42,4402,15628,191,15819,4897,20563,20221,342,25118,-4555
2011,6,2011-06-01,0,0,173,208,4340,389,5110,19231,837,20068,6255,27136,25178,1958,31433,-4297
2011,7,2011-07-01,1301,0,219,168,8771,595,11054,22063,1156,23219,7895,38637,34273,4364,42168,-3531
2011,8,2011-08-01,728,564,156,303,6985,868,9604,16648,895,17543,6489,30872,27147,3725,33636,-2764
2011,9,2011-09-01,188,0,310,179,2735,691,4103,12495,708,13203,4798,21264,17306,3958,22104,-840
2011,10,2011-10-01,0,0,201,146,4071,366,4784,11824,652,12476,4210,19337,17260,2077,21470,-2133
2011,11,2011-11-01,0,0,3,5,1172,20,1200,9283,420,9703,2218,11667,10903,764,13121,-1454
2011,12,2011-12-01,0,0,12,5,1323,35,1375,9942,276,10218,1907,12182,11593,589,13500,-1318
2012,1,2012-01-01,112,93,0,6,1340,15,1566,10643,453,11096,1323,15786,12662,3124,13985,1801
2012,2,2012-02-01,1346,166,13,0,1626,82,3233,11788,576,12364,2825,17918,15597,2321,18422,-504
2012,3,2012-03-01,808,230,0,62,2866,111,4077,12072,549,12621,2993,20902,16698,4204,19691,1211
2012,4,2012-04-01,690,175,9,124,3145,351,4494,12010,683,12693,4156,19663,17187,2476,21343,-1680
2012,5,2012-05-01,1224,389,26,48,5393,307,7387,14909,633,15542,5819,24524,22929,1595,28748,-4224
2012,6,2012-06-01,1135,265,61,149,8266,214,10090,16567,608,17175,6622,29404,27265,2139,33887,-4483
2012,7,2012-07-01,931,297,254,175,9291,832,11780,19615,946,20561,7551,36269,32341,3928,39892,-3623
2012,8,2012-08-01,933,249,195,120,8558,774,10829,17064,1099,18163,6873,33227,28992,4235,35865,-2638
2012,9,2012-09-01,727,217,272,170,5920,695,8001,13064,879,13943,4804,24867,21944,2923,26748,-1881
2012,10,2012-10-01,157,209,132,85,4662,539,5784,11509,947,12456,4321,19904,18240,1664,22561,-2657
2012,11,2012-11-01,483,0,0,40,2860,104,3487,10267,751,11018,3008,4999,14505,-9506,17513,-12514
2012,12,2012-12-01,237,0,0,3,998,100,1338,8492,745,9237,1489,2131,10575,-8444,12064,-9933
2013,1,2013-01-01,49,183,0,12,1213,47,1504,10667,833,11500,1164,12800,13004,-204,14168,-1368
2013,2,2013-02-01,429,116,2,0,1654,85,2286,8381,905,9286,1833,10671,11572,-901,13405,-2734
2013,3,2013-03-01,1101,485,0,65,4829,142,6622,11734,1349,13083,4811,15541,19705,-4164,24516,-8975
2013,4,2013-04-01,725,949,2,42,3974,245,5937,12499,1151,13650,3746,18927,19587,-660,23333,-4406
2013,5,2013-05-01,1101,0,72,45,5815,371,7404,13735,845,14580,4431,21009,21984,-975,26415,-5406
2013,6,2013-06-01,1120,341,159,9,8871,1080,11580,17086,1201,18287,7622,24797,29867,-5070,37489,-12692
2013,7,2013-07-01,1319,0,410,24,10049,840,12642,19404,1719,21123,9185,27997,33765,-5768,42950,-14953
2013,8,2013-08-01,1139,326,246,103,8662,1089,11565,15734,1493,17227,8207,26273,28792,-2519,36999,-10726
2013,9,2013-09-01,659,0,292,195,5106,958,7210,13580,1463,15043,5549,18851,22253,-3402,27802,-8951
2013,10,2013-10-01,203,0,97,96,2056,261,2713,4748,1585,6333,2365,7193,9046,-1853,11411,-4218
2013,11,2013-11-01,306,0,8,7,2758,236,3315,9599,1117,10716,3078,13638,14031,-393,17109,-3471
2013,12,2013-12-01,383,0,0,8,2052,16,2459,10518,1271,11789,2570,14332,14248,84,16818,-2486
2014,1,2014-01-01,203,167,2,9,2050,31,2462,10757,1280,12037,2289,18927,14499,4428,16788,2139
2014,2,2014-02-01,386,255,31,0,1797,43,2512,11621,1250,12871,2221,21183,15383,5800,17604,3579
2014,3,2014-03-01,676,670,100,2,4364,59,5871,13324,1435,14759,4660,32109,20630,11479,25290,6819
2014,4,2014-04-01,1130,554,41,1,5064,350,7140,14376,1594,15970,5508,25698,23110,2588,28618,-2920
2014,5,2014-05-01,1664,706,0,0,6887,734,9991,14788,1659,16447,7817,32869,26438,6431,34255,-1386
2014,6,2014-06-01,1119,503,0,76,8224,898,10820,17319,1707,19026,6880,43584,29846,13738,36726,6858
2014,7,2014-07-01,1053,268,0,186,10566,925,12998,20660,1838,22498,9382,50470,35496,14974,44878,5592
2014,8,2014-08-01,1078,736,0,142,10134,550,12640,16043,1888,17931,9033,39208,30571,8637,39604,-396
2014,9,2014-09-01,373,209,0,0,6936,664,8182,13128,1691,14819,4967,27100,23001,4099,27968,-868
2014,10,2014-10-01,337,284,0,0,4522,434,5577,9699,1523,11222,5251,18271,16799,1472,22050,-3779
2014,11,2014-11-01,705,591,0,0,3235,130,4661,10821,1260,12081,3884,17923,16742,1181,20626,-2703
2014,12,2014-12-01,284,472,0,3,1453,42,2254,9541,1086,10627,2463,14819,12881,1938,15344,-525
2015,1,2015-01-01,122,440,0,7,1898,27,2494,10542,1395,11937,2471,19847,14431,5416,16902,2945
2015,2,2015-02-01,720,493,5,2,2270,54,3544,10597,1588,12185,3006,21653,15729,5924,18735,2918
2015,3,2015-03-01,1125,569,0,18,4869,97,6678,12129,1730,13859,6377,29901,20537,9364,26914,2987
2015,4,2015-04-01,606,429,0,25,4514,437,6011,13130,1880,15010,6501,23479,21021,2458,27522,-4043
2015,5,2015-05-01,1614,695,0,78,7203,466,10056,13300,1676,14976,8462,34023,25032,8991,33494,529
2015,6,2015-06-01,1082,370,0,51,9231,578,11312,15459,1960,17419,8270,33193,28731,4462,37001,-3808
2015,7,2015-07-01,869,582,0,132,11523,735,13841,16850,2363,19213,10200,46749,33054,13695,43254,3495
2015,8,2015-08-01,960,592,0,50,10073,745,12420,14283,2251,16534,9054,35392,28954,6438,38008,-2616
2015,9,2015-09-01,537,650,0,196,4491,446,6320,12487,1804,14291,6247,24994,20611,4383,26858,-1864
2015,10,2015-10-01,442,688,0,74,5529,398,7131,10502,1736,12238,6046,21871,19369,2502,25415,-3544
2015,11,2015-11-01,283,539,0,13,2738,157,3730,9839,1370,11209,3528,18913,14939,3974,18467,446
2015,12,2015-12-01,134,815,0,6,1031,42,2028,9457,1371,10828,1702,14801,12856,1945,14558,243
2016,1,2016-01-01,172,286,0,0,518,27,1003,9836,1400,11236,1333,15710,12239,3471,13572,2138
2016,2,2016-02-01,524,1035,0,0,1630,54,3243,12522,1479,14001,2771,20168,17244,2924,20015,153
2016,3,2016-03-01,585,1816,0,0,2239,184,4824,14524,2058,16582,4749,28054,21406,6648,26155,1899
2016,4,2016-04-01,661,1226,0,0,3461,599,5947,15554,1946,17500,5235,26142,23447,2695,28682,-2540
2016,5,2016-05-01,1629,1532,19,0,4297,504,7981,15525,1626,17151,7754,33476,25132,8344,32886,590
2016,6,2016-06-01,863,1851,85,0,8036,470,11305,17446,1947,19393,7885,39342,30698,8644,38583,759
2016,7,2016-07-01,1151,1150,78,0,10386,667,13432,22298,3302,25600,9824,49119,39032,10087,48856,263
2016,8,2016-08-01,1169,657,70,0,11431,945,14272,18544,2193,20737,8776,45123,35009,10114,43785,1338
2016,9,2016-09-01,609,5025,164,0,8416,583,14797,15597,2099,17696,9291,39450,32493,6957,41784,-2334
2016,10,2016-10-01,130,1376,43,0,5487,400,7436,13535,2181,15716,6075,28906,23152,5754,29227,-321
2016,11,2016-11-01,106,1015,18,0,2862,129,4130,11824,1354,13178,3486,20029,17308,2721,20794,-765
2016,12,2016-12-01,262,623,18,0,2461,47,3411,11822,1013,12835,3031,19288,16246,3042,19277,11
2017,1,2017-01-01,102,265,12,0,1515,74,1968,12566,1188,13754,1731,18887,15722,3165,17453,1434
2017,2,2017-02-01,261,163,3,0,1683,64,2174,13538,1108,14646,2296,20325,16820,3505,19116,1209
2017,3,2017-03-01,583,844,2,0,4525,653,6607,17070,1458,18528,6286,32263,25135,7128,31421,842
2017,4,2017-04-01,522,989,0,0,5600,1637,8748,16533,1767,18300,7320,33888,27048,6840,34368,-480
2017,5,2017-05-01,1273,834,51,0,7111,1221,10490,15889,1901,17790,8256,37528,28280,9248,36536,992
2017,6,2017-06-01,831,810,43,0,9681,1218,12583,17736,2112,19848,9392,44852,32431,12421,41823,3029
2017,7,2017-07-01,992,819,292,0,11325,1579,15007,22429,3197,25626,11452,56194,40633,15561,52085,4109
2017,8,2017-08-01,909,726,235,0,8682,1463,12015,15668,2503,18171,9296,40750,30186,10564,39482,1268
2017,9,2017-09-01,703,637,194,0,7572,1347,10453,12998,2465,15463,7194,33063,25916,7147,33110,-47
2017,10,2017-10-01,540,606,279,0,4089,1404,6918,12684,1594,14278,6490,25495,21196,4299,27686,-2191
2017,11,2017-11-01,487,706,33,0,3555,380,5161,12377,2145,14522,5063,23696,19683,4013,24746,-1050
2017,12,2017-12-01,347,324,11,4,2533,49,3268,9604,1198,10802,3221,16746,14070,2676,17291,-545
2018,1,2018-01-01,118,153,15,6,1827,41,2160,9475,1219,10694,2119,15986,12854,3132,14973,1013
2018,2,2018-02-01,397,316,6,0,2353,60,3132,16127,1726,17853,3069,24878,20985,3893,24054,824
2018,3,2018-03-01,589,493,20,17,4119,353,5591,16564,1902,18466,5095,30668,24057,6611,29152,1516
2018,4,2018-04-01,662,659,13,14,4387,6682,12417,16801,2006,18807,13205,37565,31224,6341,44429,-6864
2018,5,2018-05-01,1238,913,28,0,6830,451,9460,13205,2193,15398,9352,33616,24858,8758,34210,-594
2018,6,2018-06-01,863,1120,57,27,8115,542,10724,16208,2720,18928,10640,39141,29652,9489,40292,-1151
2018,7,2018-07-01,953,1063,142,0,11498,763,14419,22079,3560,25639,11228,49533,40058,9475,51286,-1753
2018,8,2018-08-01,802,891,77,0,9100,567,11437,16053,3182,19235,10419,39684,30672,9012,41091,-1407
2018,9,2018-09-01,741,786,120,0,6009,536,8192,13677,2442,16119,7452,31267,24311,6956,31763,-496
2018,10,2018-10-01,429,876,134,34,4371,818,6662,12045,2622,14667,6179,26844,21329,5515,27508,-664
2018,11,2018-11-01,217,752,12,4,3631,403,5019,10765,1947,12712,4254,21703,17731,3972,21985,-282
2018,12,2018-12-01,122,368,6,4,2985,39,3524,5931,2441,8372,3488,15365,11896,3469,15384,-19
2019,1,2019-01-01,1647,195,0,152,2200,165,4359,1404,1779,3183,2150,9193,7542,1651,9692,-499
2019,2,2019-02-01,3912,338,9,612,2647,443,7961,11564,1531,13095,2359,22263,21056,1207,23415,-1152
2019,3,2019-03-01,4514,1108,84,1000,6139,786,13631,16349,2280,18629,7067,34951,32260,2691,39327,-4376
2019,4,2019-04-01,6316,1071,161,1007,8083,1081,17719,16609,2335,18944,8341,39218,36663,2555,45004,-5786
2019,5,2019-05-01,7303,1047,140,1728,8270,1258,19746,15615,2277,17892,8435,39070,37638,1432,46073,-7003
2019,6,2019-06-01,8175,1095,232,2250,9554,1610,22916,17683,2402,20085,10096,44915,43001,1914,53097,-8182
2019,7,2019-07-01,2480,1232,532,2597,11710,1759,20310,21726,3088,24814,11702,47581,45124,2457,56826,-9245
2019,8,2019-08-01,10564,1109,759,2922,10678,2406,28438,16152,3286,19438,10257,49793,47876,1917,58133,-8340
2019,9,2019-09-01,7801,850,1167,2808,7053,1472,21151,13703,2605,16308,6403,38681,37459,1222,43862,-5181
2019,10,2019-10-01,8039,941,2059,3452,6752,2127,23370,11043,1744,12787,6665,36691,36157,534,42822,-6131
2019,11,2019-11-01,5912,2229,449,1283,1511,1490,12874,9819,1797,11616,3123,25212,24490,722,27613,-2401
2019,12,2019-12-01,1658,583,541,1992,4111,479,9364,9799,1567,11366,2473,22062,20730,1332,23203,-1141
2020,1,2020-01-01,1521,1542,115,239,885,272,4574,10227,1714,11941,2490,18955,16515,2440,19005,-50
2020,2,2020-02-01,637,2488,22,138,338,406,4029,12169,1701,13870,3297,20318,17899,2419,21196,-878
2020,3,2020-03-01,2223,1150,77,981,498,700,5629,6120,671,6791,1491,13408,12420,988,13911,-503
2020,4,2020-04-01,126,0,30,36,90,83,365,0,0,0,17,365,365,0,382,-17
2020,5,2020-05-01,750,57,25,77,45,1561,2515,0,0,0,57,2514,2515,-1,2572,-58
2020,6,2020-06-01,6581,2348,70,2527,570,1106,13202,0,0,0,3157,13740,13202,538,16359,-2619
2020,7,2020-07-01,5332,3165,540,2287,1004,1893,14221,0,0,0,4682,15323,14221,1102,18903,-3580
2020,8,2020-08-01,5780,3309,984,3216,1332,2588,17209,0,0,0,4943,18462,17209,1253,22152,-3690
2020,9,2020-09-01,5642,2581,488,3421,1170,3879,17181,0,0,0,4081,18147,17181,966,21262,-3115
2020,10,2020-10-01,7898,3159,3190,3088,1026,4018,22379,2912,375,3287,4576,26302,25666,636,30242,-3940
2020,11,2020-11-01,5222,1984,168,3266,978,1397,13015,3434,297,3731,3472,16745,16746,-1,20218,-3473
2020,12,2020-12-01,667,796,25,1095,303,126,3012,0,0,0,889,3011,3012,-1,3901,-890
2021,1,2021-01-01,1322,131,14,0,18,200,1685,0,0,0,122,1684,1685,-1,1807,-123
2021,2,2021-02-01,1972,514,161,343,8595,281,11866,0,493,493,1584,13176,12359,817,13943,-767
2021,3,2021-03-01,3275,273,99,993,3140,722,8502,3044,600,3644,3462,13914,12146,1768,15608,-1694
2021,4,2021-04-01,3516,814,110,589,5380,1006,11415,8496,919,9415,6790,22512,20830,1682,27620,-5108
2021,5,2021-05-01,3682,734,216,912,7732,2606,15882,10446,1060,11506,8644,28239,27388,851,36032,-7793
2021,6,2021-06-01,11387,734,225,2395,7920,1960,24621,12995,1959,14954,9759,40977,39575,1402,49334,-8357
2021,7,2021-07-01,4024,599,675,2443,10463,1388,19592,16769,2750,19519,12590,41381,39111,2270,51701,-10320
2021,8,2021-08-01,2902,103,1654,3080,8502,3922,20163,13261,1949,15210,10847,36839,35373,1466,46220,-9381
2021,9,2021-09-01,892,2021,2415,3068,13086,2651,24133,10426,1223,11649,9086,37121,35782,1339,44868,-7747
2021,10,2021-10-01,7994,388,1436,3265,8200,2677,23960,9223,1554,10777,7439,35612,34737,875,42176,-6564
2021,11,2021-11-01,5585,206,422,1909,6450,3391,17963,9875,1725,11600,6739,30330,29563,767,36302,-5972
2021,12,2021-12-01,1229,110,487,1561,3418,337,7142,8155,1511,9666,2500,17467,16808,659,19308,-1841
2022,1,2022-01-01,1472,342,30,153,3745,807,6549,8494,482,8976,3473,16968,15525,1443,18998,-2030
2022,2,2022-02-01,2219,649,30,343,4862,417,8520,9561,1500,11061,4968,21175,19581,1594,24549,-3374
2022,3,2022-03-01,0,468,95,994,6733,476,8766,12895,1335,14230,6992,25048,22996,2052,29988,-4940
2022,4,2022-04-01,0,937,117,590,7744,5918,15306,12288,1720,14008,8840,30769,29314,1455,38154,-7385
2022,5,2022-05-01,0,867,135,913,6688,3135,11738,9164,2097,11261,7683,23636,22999,637,30682,-7046
2022,6,2022-06-01,0,853,213,2398,9114,2849,15427,11054,2360,13414,10090,30138,28841,1297,38931,-8793
2022,7,2022-07-01,0,1190,2071,2837,10315,2410,18823,12505,2946,15451,11705,37853,34274,3579,45979,-8126
2022,8,2022-08-01,0,1585,1244,3081,9285,3134,18329,11071,2570,13641,10018,33844,31970,1874,41988,-8144
2022,9,2022-09-01,0,708,1530,3069,8096,7131,20534,7609,1802,9411,7925,31120,29945,1175,37870,-6750
2022,10,2022-10-01,0,535,2211,3267,6811,10375,23199,2048,1713,3761,8056,27647,26960,687,35016,-7369
2022,11,2022-11-01,5615,875,522,1910,7015,609,16546,8223,1822,10045,5790,27468,26591,877,32381,-4913
2022,12,2022-12-01,1217,411,297,1561,2791,850,7127,7679,1808,9487,3758,17579,16614,965,20372,-2793
2023,1,2023-01-01,1408,117,29,0,2183,654,4391,5716,1422,7138,2317,12950,11529,1421,13846,-896
2023,2,2023-02-01,2219,240,30,0,3343,843,6675,9547,1928,11475,3617,19726,18150,1576,21767,-2041
2023,3,2023-03-01,2654,98,97,0,4241,616,7706,13322,2066,15388,5298,25063,23094,1969,28392,-3329
2023,4,2023-04-01,2692,337,119,0,7034,1813,11995,12297,1606,13903,9435,27243,25898,1345,35333,-8090
2023,5,2023-05-01,3240,958,129,0,9722,4065,18114,9997,2188,12185,10967,30918,30299,619,41266,-10348
2023,6,2023-06-01,6095,1158,211,0,10174,3894,21532,11518,2327,13845,11434,36635,35377,1258,46811,-10176
2023,7,2023-07-01,3103,1373,900,0,10151,2651,18178,14395,3407,17802,12395,38390,35980,2410,48375,-9985
2023,8,2023-08-01,4955,616,1132,0,7946,1433,16082,10463,2765,13228,9729,31076,29310,1766,39039,-7963
2023,9,2023-09-01,3921,841,1524,0,7637,3612,17535,11293,1657,12950,8925,31607,30485,1122,39410,-7803
2023,10,2023-10-01,6171,421,0,0,5612,4718,16922,9303,2009,11312,7729,28935,28234,701,35963,-7028
2023,11,2023-11-01,5576,1209,0,0,4163,1686,12634,12147,1756,13903,5663,27115,26537,578,32200,-5085
2023,12,2023-12-01,1185,454,0,0,2950,460,5049,11015,2117,13132,3772,19088,18181,907,21953,-2865
2024,1,2024-01-01,55,219,0,0,5109,0,5383,9628,2012,11640,2599,17055,17023,32,19622,-2567
2024,2,2024-02-01,89,202,0,0,2917,0,3208,9561,2119,11680,3208,14888,14888,0,18096,-3208
2024,3,2024-03-01,143,460,0,0,4298,426,5327,14811,2931,17742,5327,23069,23069,0,28396,-5327
2024,4,2024-04-01,328,355,270,0,4570,471,5994,13367,2707,16074,5724,22081,22068,13,27792,-5711
2024,5,2024-05-01,721,258,0,0,6173,488,7640,13270,2464,15734,6462,23374,23374,0,29836,-6462
2024,6,2024-06-01,408,546,0,0,6266,621,7841,15410,2689,18099,6740,26180,25940,240,32680,-6500
2024,7,2024-07-01,878,588,0,0,10392,870,12728,16567,3521,20088,10908,32816,32816,0,43724,-10908
2024,8,2024-08-01,948,792,0,0,9093,621,11454,11936,2960,14896,10816,26380,26350,30,37166,-10786
2024,9,2024-09-01,1142,537,0,0,5153,564,7396,10005,2850,12855,6258,20251,20251,0,26509,-6258
2024,10,2024-10-01,2272,368,72,0,3042,5799,11553,10078,2063,12141,4369,23694,23694,0,28063,-4369
2024,11,2024-11-01,521,502,0,0,4788,995,6806,8870,2224,11094,6243,17900,17900,0,24143,-6243
2024,12,2024-12-01,174,415,0,0,2956,0,3545,8893,2455,11348,3545,14893,14893,0,18438,-3545
2025,1,2025-01-01,191,166,0,0,3390,20,3767,8182,1814,9996,3061,13762,13763,-1,16824,-3062
2025,2,2025-02-01,281,51,0,0,2646,35,3013,8305,1729,10034,2652,13046,13047,-1,15699,-2653
2025,3,2025-03-01,49,91,0,0,5651,565,6356,11595,2379,13974,4674,20331,20330,1,25004,-4673
2025,4,2025-04-01,657,448,0,0,7567,758,9430,9930,2559,12489,7438,21918,21919,-1,29357,-7439
2025,5,2025-05-01,777,380,0,32,8094,776,10059,10657,2443,13100,7607,23187,23159,28,30766,-7579
2025,6,2025-06-01,842,450,0,0,8831,898,11021,12865,2411,15276,8251,26297,26297,0,34548,-8251
2025,7,2025-07-01,1369,381,49,0,9175,1185,12159,13309,3422,16731,9185,28890,28890,0,38075,-9185
2025,8,2025-08-01,1204,241,45,33,8295,909,10727,10633,2500,13133,8133,23860,23860,0,31993,-8133
2025,9,2025-09-01,951,240,278,0,6764,820,9053,7506,2061,9567,6119,18619,18620,-1,24739,-6120
2025,10,2025-10-01,636,147,627,45,6547,484,8486,152,2087,2239,6064,10724,10725,-1,16789,-6065
2025,11,2025-11-01,418,394,0,0,4786,563,6161,4387,1923,6310,4892,12471,12471,0,17363,-4892
2025,12,2025-12-01,393,310,0,0,3501,56,4260,7550,2271,9821,3553,14081,14081,0,17634,-3553
